date,username,to,replies,retweets,favorites,text,geo,mentions,hashtags,id,permalink
2020-03-30 12:42:45,TactsUganda,,0,0,0,"@KagutaMuseveni will address the country today at 8pm, giving an update on the Covid-19 situation and offer more guidelines on what more to do to stem the spread. Address will be on all TVs and radios. #tactsuganda #Covid_19 #coronavirus #coronaug",,@KagutaMuseveni,#tactsuganda #Covid_19 #coronavirus #coronaug,1244605987593609218,https://twitter.com/TactsUganda/status/1244605987593609218
2020-03-26 04:53:07,SEFUgandaOrg,,0,0,3,"Please Stay at Home, Stay Safe and Stay Informed. We need you in the future not in the grave. #Covid19 #CoronavirusLockdown #coronakindness #Coronaug @MinofHealthUG @WHO @nbstv",,@MinofHealthUG @WHO @nbstv,#Covid19 #CoronavirusLockdown #coronakindness #Coronaug,1243038248458506240,https://twitter.com/SEFUgandaOrg/status/1243038248458506240
2020-03-25 17:44:07,OdOkongo,,0,0,0,"@UmemeLtd what have you just done?? Still watching @KagutaMuseveni on his address and you decide to switch off. What if I do something contrary to what he has just announced without my knowledge. #Covid19Out #CoronaUg",,@UmemeLtd @KagutaMuseveni,#Covid19Out #CoronaUg,1242869887166484480,https://twitter.com/OdOkongo/status/1242869887166484480
2020-03-14 10:15:54,WillisSenyondo,,0,0,0,"Coronavirus reminds me of the series “LAST SHIP” here wondering who saves the world this time? #coronapocalypse #coronaInkenya #CoronaVirusUpdates #coronapocalypse #CoronaOutbreak #coronavirus #coronaUK #CoronavirusFrance",,,#coronapocalypse #coronaInkenya #CoronaVirusUpdates #coronapocalypse #CoronaOutbreak #coronavirus #coronaUK #CoronavirusFrance,1238770824909389824,https://twitter.com/WillisSenyondo/status/1238770824909389824
