"Tweet Id","Media Id","Media URL","Tweet URL"
"""1322235826873532416""","""1322235202828193793""",https://video.twimg.com/ext_tw_video/1322235202828193793/pu/pl/yISj08V6cPx0wRsH.m3u8?tag=10,https://t.co/qIrOdetr6W
"""1319606679336615936""","""1319599688660779009""",https://video.twimg.com/ext_tw_video/1319599688660779009/pu/pl/Bsj_KyT8jsAUVIY3.m3u8?tag=10,https://t.co/szagTBvHiC
"""1319503821463277568""","""1318461524650983424""",https://video.twimg.com/ext_tw_video/1318461524650983424/pu/vid/490x270/f2hiPW2nWoX5q4JQ.mp4?tag=10,https://t.co/xkJZo6cOI0
"""1317476164668133377""","""1317476149363154944""",https://video.twimg.com/tweet_video/Ekidk9rXIAAu6N7.mp4,https://t.co/tQVVvJDirj
"""1316736714434637825""","""1316678548804046848""",https://video.twimg.com/amplify_video/1316678548804046848/vid/1280x720/y9K_bBbz3kfOXPpc.mp4?tag=13,https://t.co/wQ2pFW9lY0
"""1316167920901390337""","""1316167911225032704""",https://video.twimg.com/tweet_video/EkP3ve1WAAAt6ts.mp4,https://t.co/Iz1kqdrgGQ
"""1315738089780903937""","""1315680892476682240""",https://video.twimg.com/amplify_video/1315680892476682240/vid/1280x720/HAa00Tb47jK6Z9XU.mp4?tag=13,https://t.co/aKJJka12sj
"""1314858741095903233""","""1314858688625152000""",https://video.twimg.com/tweet_video/Ej9RAslWkAAhRtv.mp4,https://t.co/3PyeveFqmh
"""1312654032054497282""","""1312653525487439872""",https://video.twimg.com/ext_tw_video/1312653525487439872/pu/pl/uB0IRjEic-_2ko3V.m3u8?tag=10,https://t.co/vCsigWcZWq
"""1310602868160946176""","""1310601391828762628""",https://video.twimg.com/ext_tw_video/1310601391828762628/pu/vid/320x320/mG_y_s_h6eprb-RW.mp4?tag=10,https://t.co/0WXFjWSO8c
"""1310529552867827714""","""1310529413382111232""",https://video.twimg.com/ext_tw_video/1310529413382111232/pu/pl/TMjt98CeGtGoVC0H.m3u8?tag=10,https://t.co/JaKvhgigly
"""1308825745595281416""","""1304108185339531265""",https://video.twimg.com/amplify_video/1304108185339531265/vid/1280x720/vzcYJnsBVZA5bANT.mp4?tag=13,https://t.co/SCdrIqCsFK
"""1307644033007837187""","""1307643660683677698""",https://video.twimg.com/ext_tw_video/1307643660683677698/pu/vid/320x400/BH3hrkj8KM6lSBIw.mp4?tag=10,https://t.co/6LBkn8Wu7z
"""1306885249109028864""","""1306853808476172288""",https://video.twimg.com/amplify_video/1306853808476172288/vid/320x320/2-msP5NMWdrgX-tO.mp4?tag=13,https://t.co/SRrrVbsmPR
"""1305880331434840065""","""1305837116027531266""",https://video.twimg.com/amplify_video/1305837116027531266/vid/480x270/0dxDgMOrYi1LLGfj.mp4?tag=13,https://t.co/JITVwfw2Ef
"""1305672750472757248""","""1305472532317900800""",https://video.twimg.com/amplify_video/1305472532317900800/vid/720x720/xY7lv5SwvN8LKGBZ.mp4?tag=13,https://t.co/impbzpO3Nj
"""1305542657322741767""","""1305542321778438144""",https://video.twimg.com/ext_tw_video/1305542321778438144/pu/vid/320x320/qGleW1HIE48eLHsb.mp4?tag=10,https://t.co/VLeZzrdLqG
"""1305472211277565952""","""1305472067261919236""",https://video.twimg.com/ext_tw_video/1305472067261919236/pu/vid/480x270/P4H4wlU-QTUNFrV6.mp4?tag=10,https://t.co/ZB7Kv2d9nz
"""1305182929761566722""","""1305182863185321990""",https://video.twimg.com/ext_tw_video/1305182863185321990/pu/vid/480x480/yTmNDsHIRRogthYj.mp4?tag=10,https://t.co/pObwfkxB66
"""1304754301424857088""","""1304753864114147328""",https://video.twimg.com/ext_tw_video/1304753864114147328/pu/vid/1280x720/NNv7s-SqvRY_03kj.mp4?tag=10,https://t.co/j0Fb4r356g
"""1304437064713330690""","""1304436927005896704""",https://video.twimg.com/ext_tw_video/1304436927005896704/pu/pl/BGxjUG63Mw9fCsZ9.m3u8?tag=10,https://t.co/UwLLcEkZEy
"""1303435118464446472""","""1303434921688682496""",https://video.twimg.com/ext_tw_video/1303434921688682496/pu/vid/360x640/QKgxJr-_yn4SDAiN.mp4?tag=10,https://t.co/WOHLRnnJ78
"""1300053083175739392""","""1300051793305632768""",https://video.twimg.com/ext_tw_video/1300051793305632768/pu/pl/9PQaTKuaBgTm4V4O.m3u8?tag=10,https://t.co/3pxNYUu2hy
"""1298552018878058497""","""1298551090347204608""",https://video.twimg.com/ext_tw_video/1298551090347204608/pu/vid/640x360/v4Dij62Ia48TSkvS.mp4?tag=10,https://t.co/5XNtcHnWD6
"""1296915723072217089""","""1296915485481631744""",https://video.twimg.com/ext_tw_video/1296915485481631744/pu/vid/720x720/Yi5TtEnG9bF6RFu4.mp4?tag=10,https://t.co/k3OmC5rgai
"""1296203173426855936""","""1296203113183969280""",https://video.twimg.com/ext_tw_video/1296203113183969280/pu/vid/720x720/VtcbROwBsb-NnRF1.mp4?tag=10,https://t.co/YsROP2BlF9
"""1295261051290882048""","""1295260922420789248""",https://video.twimg.com/ext_tw_video/1295260922420789248/pu/vid/1280x720/KT6pf1eLvXxUi3Tb.mp4?tag=10,https://t.co/lfwTtquQ9G
"""1294873974124564480""","""1294872333883265024""",https://video.twimg.com/ext_tw_video/1294872333883265024/pu/vid/1280x720/WtLE24v85RYDlUzK.mp4?tag=10,https://t.co/6MGwIijVat
"""1294873939697717248""","""1294873091454230528""",https://video.twimg.com/ext_tw_video/1294873091454230528/pu/vid/640x360/kl6y62jYYHTuH-Xb.mp4?tag=10,https://t.co/TPfO1QxVk4
"""1294348996153155586""","""1294348762287165443""",https://video.twimg.com/ext_tw_video/1294348762287165443/pu/vid/490x270/aeSochTT53YUFUqP.mp4?tag=10,https://t.co/wbvRV0WcuM
"""1293609860244934656""","""1293609525405261824""",https://video.twimg.com/ext_tw_video/1293609525405261824/pu/pl/hjfw1U0FXmNULrFZ.m3u8?tag=10,https://t.co/JUQRDK1bgo
"""1293523894498930691""","""1293523299612397570""",https://video.twimg.com/ext_tw_video/1293523299612397570/pu/pl/yM3QJ7AdF3tfogg2.m3u8?tag=10,https://t.co/F5BcBZwxxB
"""1289587368190599169""","""1289466094336475136""",https://video.twimg.com/ext_tw_video/1289466094336475136/pu/pl/8aZAz4SOdA581ur-.m3u8?tag=10,https://t.co/gsUXgFsSKR
"""1287769790120169478""","""1287768267063545856""",https://video.twimg.com/ext_tw_video/1287768267063545856/pu/vid/720x1280/YPlYwOJuIJf22zv_.mp4?tag=10,https://t.co/4u5hpBltcu
"""1287617735430676480""","""1287617139608825856""",https://video.twimg.com/ext_tw_video/1287617139608825856/pu/pl/YgFceC3omAlFh8i9.m3u8?tag=10,https://t.co/zfupHpqE67
"""1285553209189294082""","""1285513459128557568""",https://video.twimg.com/ext_tw_video/1285513459128557568/pu/vid/480x270/hnFp8EFH-BqOeegZ.mp4?tag=10,https://t.co/pW2QbYadgU
"""1285439146044129280""","""1285299231880871938""",https://video.twimg.com/ext_tw_video/1285299231880871938/pu/pl/S_Qroz2dgenD4QwF.m3u8?tag=10,https://t.co/X5ewQREny6
"""1285059582889529344""","""1285059271319846912""",https://video.twimg.com/ext_tw_video/1285059271319846912/pu/vid/400x300/9ypBFRd7yucgJZDr.mp4?tag=10,https://t.co/5cYiol4jvW
"""1284485669428047872""","""1284485600075227138""",https://video.twimg.com/ext_tw_video/1284485600075227138/pu/pl/eLYMcuIINOMAGQzy.m3u8?tag=10,https://t.co/haNqqctgOR
"""1283734576389554178""","""1283664491981541376""",https://video.twimg.com/ext_tw_video/1283664491981541376/pu/vid/640x352/hG0CK3BejRjvXlzn.mp4?tag=10,https://t.co/dk4uK163Mf
"""1283483323327709184""","""1283483312347066369""",https://video.twimg.com/tweet_video/Ec_ZRbuWsAEBS8g.mp4,https://t.co/llrnMlqRSu
"""1283385195077435394""","""1283384587775881217""",https://video.twimg.com/ext_tw_video/1283384587775881217/pu/pl/wH0FQJNq7ImSih9n.m3u8?tag=10,https://t.co/GAJ2zkahZN
"""1282692921179938817""","""1282686356074962946""",https://video.twimg.com/ext_tw_video/1282686356074962946/pu/vid/1280x720/7SSBhhXvMNy9_oSd.mp4?tag=10,https://t.co/oxNNIUqFjq
"""1282003051688210432""","""1282002918070259713""",https://video.twimg.com/ext_tw_video/1282002918070259713/pu/pl/1ers2td3U094omho.m3u8?tag=10,https://t.co/DbIouiUUUz
"""1280057026983464966""","""1280056553073266688""",https://video.twimg.com/tweet_video/EcOspypX0AATAOJ.mp4,https://t.co/mq7NKU2MQA
"""1279325422161969152""","""1279324196699623429""",https://video.twimg.com/ext_tw_video/1279324196699623429/pu/pl/K3YKp_yMhjmpTA5w.m3u8?tag=10,https://t.co/P5TFUFXEVT
"""1277891657548136450""","""1277889071830962176""",https://video.twimg.com/ext_tw_video/1277889071830962176/pu/pl/RUZ-Ms_hn2GJbtIi.m3u8?tag=10,https://t.co/3vE6p2aycy
"""1277554080710344704""","""1277553292835463168""",https://video.twimg.com/ext_tw_video/1277553292835463168/pu/pl/EunwbQA7xVYAKsrN.m3u8?tag=10,https://t.co/GWzxhiMk6e
"""1274623939768172544""","""1274623825855033346""",https://video.twimg.com/ext_tw_video/1274623825855033346/pu/vid/640x360/498DHkOLMGqW0XnA.mp4?tag=10,https://t.co/xHzWdfDcdF
"""1274621586595774464""","""1274621470354874369""",https://video.twimg.com/ext_tw_video/1274621470354874369/pu/vid/640x360/g5fiwX69aa0krTW3.mp4?tag=10,https://t.co/t8ekVQj5mN
"""1274132039483166722""","""1274131530005327872""",https://video.twimg.com/ext_tw_video/1274131530005327872/pu/vid/480x270/93oH9EVanTZmr-LU.mp4?tag=10,https://t.co/iBfq91xvvl
"""1273189649578672129""","""1273188694015574017""",https://video.twimg.com/ext_tw_video/1273188694015574017/pu/vid/1280x720/SsJuPYLbqgi4Nqg4.mp4?tag=10,https://t.co/v7lFHSZujk
"""1272876222838693888""","""1272838443014541312""",https://video.twimg.com/ext_tw_video/1272838443014541312/pu/vid/640x360/ppvpgG0S5IWFm5As.mp4?tag=10,https://t.co/CDC63827L8
"""1272434769415020544""","""1272316795442126850""",https://video.twimg.com/ext_tw_video/1272316795442126850/pu/pl/7V4ejACRknc4ZR34.m3u8?tag=10,https://t.co/QnJgcaQP9G
"""1272420584505434112""","""1272316795442126850""",https://video.twimg.com/ext_tw_video/1272316795442126850/pu/pl/7V4ejACRknc4ZR34.m3u8?tag=10,https://t.co/QnJgcaQP9G
"""1272402260392370177""","""1272316795442126850""",https://video.twimg.com/ext_tw_video/1272316795442126850/pu/pl/7V4ejACRknc4ZR34.m3u8?tag=10,https://t.co/QnJgcaQP9G
"""1271941716036030465""","""1271941349701414917""",https://video.twimg.com/ext_tw_video/1271941349701414917/pu/pl/uJq05ylRddwrgoVJ.m3u8?tag=10,https://t.co/F8nnR9gjB8
"""1271793724817891328""","""1271793302967377924""",https://video.twimg.com/amplify_video/1271793302967377924/vid/640x360/Svt1Xcn82hzA1hrl.mp4?tag=13,https://t.co/u47VbRJeQ4
"""1271523417695621123""","""1271523216977207296""",https://video.twimg.com/ext_tw_video/1271523216977207296/pu/pl/sri1qU8xF6b8jd9t.m3u8?tag=10,https://t.co/RMTRieDd1O
"""1271401348144214017""","""1271401330259767296""",https://video.twimg.com/tweet_video/EaTsxhEXsAAZ0bp.mp4,https://t.co/zSsmFx2Vrw
"""1268481337255657475""","""1268481079838728192""",https://video.twimg.com/ext_tw_video/1268481079838728192/pu/vid/320x556/vHefoeIWKQNJ-7wm.mp4?tag=10,https://t.co/x6aFdp3oxu
"""1268279313184497665""","""1268279166421647360""",https://video.twimg.com/ext_tw_video/1268279166421647360/pu/vid/748x360/uJTojreyqxEDkVVm.mp4?tag=10,https://t.co/uWbGw4HehZ
"""1266417950195625985""","""1266417809665470465""",https://video.twimg.com/ext_tw_video/1266417809665470465/pu/vid/640x360/MJPKpRL5nXptOQXY.mp4?tag=10,https://t.co/28BPiI2XHo
"""1266307954908766209""","""1265062645528440834""",https://video.twimg.com/ext_tw_video/1265062645528440834/pu/vid/320x532/Hw2UJl_ONlVu0HtH.mp4?tag=10,https://t.co/pt18wKB1fU
"""1266257880660860935""","""1266257473456889856""",https://video.twimg.com/ext_tw_video/1266257473456889856/pu/vid/640x352/DpZeBVxWdAn-6uk9.mp4?tag=10,https://t.co/81jdBMEJ5k
"""1266045144912011264""","""1266045007884177410""",https://video.twimg.com/ext_tw_video/1266045007884177410/pu/vid/336x270/WZXUXkQvu8AcV86T.mp4?tag=10,https://t.co/nDtB6PK02v
"""1265646477696798721""","""1265645794796978176""",https://video.twimg.com/ext_tw_video/1265645794796978176/pu/vid/320x580/yCzr1vpBCI8KC2TN.mp4?tag=10,https://t.co/ep2wZMYJK6
"""1265347835584626688""","""1265347611722051585""",https://video.twimg.com/ext_tw_video/1265347611722051585/pu/vid/480x270/1cKspjuc-M5rmB3O.mp4?tag=10,https://t.co/3WJkkwzvu4
"""1264967216669343748""","""1264967199250362369""",https://video.twimg.com/tweet_video/EY4Q9zPWsAE2oMJ.mp4,https://t.co/YjnX618AGR
"""1264602818801029120""","""1264601320499097608""",https://video.twimg.com/ext_tw_video/1264601320499097608/pu/vid/320x568/bhpGRhiDtW4MGOYf.mp4?tag=10,https://t.co/9Wotybwg3M
"""1264522523133251585""","""1263882304755306496""",https://video.twimg.com/ext_tw_video/1263882304755306496/pu/vid/320x400/dckrom8e6m9gkIex.mp4?tag=10,https://t.co/j6zmgPciog
"""1264274541481779202""","""1264273892551675905""",https://video.twimg.com/ext_tw_video/1264273892551675905/pu/vid/720x720/uGl-SYzUoZd7h5MQ.mp4?tag=10,https://t.co/ouNT3DrCAi
"""1264167150824062978""","""1264166779150049280""",https://video.twimg.com/ext_tw_video/1264166779150049280/pu/vid/720x720/FWF0XPOvbUMWCavs.mp4?tag=10,https://t.co/V5id4U9zRc
"""1263882410686636048""","""1263882304755306496""",https://video.twimg.com/ext_tw_video/1263882304755306496/pu/vid/320x400/dckrom8e6m9gkIex.mp4?tag=10,https://t.co/j6zmgPciog
"""1263764509396733954""","""1263764444548599815""",https://video.twimg.com/tweet_video/EYnLEQ0WkAcEZIW.mp4,https://t.co/MqLeYwGcXB
"""1263763643658838016""","""1263763575937605633""",https://video.twimg.com/ext_tw_video/1263763575937605633/pu/pl/2h4ooKD5alwDlADC.m3u8?tag=10,https://t.co/m4GSGfpEwm
"""1263247430293819392""","""1263127440509087744""",https://video.twimg.com/amplify_video/1263127440509087744/pl/y6OkBJoPUAs1zmZV.m3u8?tag=13,https://t.co/eIFgvlqW8M
"""1263110013352120322""","""1263107422836551680""",https://video.twimg.com/ext_tw_video/1263107422836551680/pu/vid/1280x720/Kf2Ihaikwr1R5aNe.mp4?tag=10,https://t.co/uo0ctoZj9i
"""1262478548306141185""","""1262478465435041792""",https://video.twimg.com/ext_tw_video/1262478465435041792/pu/vid/320x330/XVxvuTCUEHaPUrTE.mp4?tag=10,https://t.co/fiwS3Fkbmy
"""1262306304682594304""","""1262299615271010306""",https://video.twimg.com/ext_tw_video/1262299615271010306/pu/pl/-0AJsLSV6vnv5_-D.m3u8?tag=10,https://t.co/rM37rCjg7K
"""1262300577175875584""","""1262300535643930624""",https://video.twimg.com/tweet_video/EYSXpjLXgAAUP7w.mp4,https://t.co/m9jNAPugmI
"""1262300573522673664""","""1262299615271010306""",https://video.twimg.com/ext_tw_video/1262299615271010306/pu/pl/-0AJsLSV6vnv5_-D.m3u8?tag=10,https://t.co/rM37rCjg7K
"""1261915118062968833""","""1261914937544376321""",https://video.twimg.com/ext_tw_video/1261914937544376321/pu/vid/490x270/ab9Xlpy6EvCj_RII.mp4?tag=10,https://t.co/J7E2oF4Urm
"""1261604180311060486""","""1261604064393138176""",https://video.twimg.com/ext_tw_video/1261604064393138176/pu/pl/OvpZnij2rYZd_I21.m3u8?tag=10,https://t.co/JawMhcNe7O
"""1261578139194589186""","""1261577912077213696""",https://video.twimg.com/ext_tw_video/1261577912077213696/pu/pl/-nRF5K0xOyE8_q0v.m3u8?tag=10,https://t.co/v5y5IOlpF7
"""1261365923589447680""","""1261365886662987776""",https://video.twimg.com/ext_tw_video/1261365886662987776/pu/pl/o6onwLKNu-6vue4I.m3u8?tag=10,https://t.co/1zhQCoThQW
"""1261006771826589696""","""1261005883955437570""",https://video.twimg.com/ext_tw_video/1261005883955437570/pu/vid/480x480/5ApZr1NDDDRhLxoR.mp4?tag=10,https://t.co/mT9xICfgT4
"""1260592715512909824""","""1260591665015816193""",https://video.twimg.com/ext_tw_video/1260591665015816193/pu/vid/640x352/TOG9oPrkLTC6KZdJ.mp4?tag=10,https://t.co/5H9YFxGBxa
"""1259785178727288832""","""1259784373903208453""",https://video.twimg.com/ext_tw_video/1259784373903208453/pu/pl/Fzu9dwqFV0U350iS.m3u8?tag=10,https://t.co/xBs4TULk3u
"""1259044510170038275""","""1259040543163768837""",https://video.twimg.com/ext_tw_video/1259040543163768837/pu/vid/640x384/Vje52PpyDH4C3bMZ.mp4?tag=10,https://t.co/37rPyBdhJT
"""1258858375825305600""","""1258858255415115776""",https://video.twimg.com/ext_tw_video/1258858255415115776/pu/vid/320x320/u2Ol8qKrl02ARY9Q.mp4?tag=10,https://t.co/mKVqLlXKz2
"""1258136022405328897""","""1258136005061644288""",https://video.twimg.com/ext_tw_video/1258136005061644288/pu/pl/aNYXHLzCK6PoZxAr.m3u8?tag=10,https://t.co/XcrLT7nSpk
"""1258000066159284225""","""1257937713174626304""",https://video.twimg.com/ext_tw_video/1257937713174626304/pu/vid/400x224/Tgqwpl6HPgVNlBoP.mp4?tag=10,https://t.co/SF3oDx3tut
"""1257940140674039810""","""1257937713174626304""",https://video.twimg.com/ext_tw_video/1257937713174626304/pu/vid/400x224/Tgqwpl6HPgVNlBoP.mp4?tag=10,https://t.co/SF3oDx3tut
"""1257937881341050880""","""1257937713174626304""",https://video.twimg.com/ext_tw_video/1257937713174626304/pu/vid/400x224/Tgqwpl6HPgVNlBoP.mp4?tag=10,https://t.co/SF3oDx3tut
"""1257666349125570560""","""1257665721095589890""",https://video.twimg.com/tweet_video/EXQgT1gWkAIU-dZ.mp4,https://t.co/LC52cdtmsZ
"""1257621470160793600""","""1257620503755460609""",https://video.twimg.com/ext_tw_video/1257620503755460609/pu/vid/636x360/ksxU56ZENrMsGtr2.mp4?tag=10,https://t.co/yTKOkNgFw9
"""1257620142055460868""","""1257619609202708480""",https://video.twimg.com/ext_tw_video/1257619609202708480/pu/vid/848x480/BQYjkcay9_S48Z6h.mp4?tag=10,https://t.co/TI8wN0rNi0
"""1257398944793059328""","""1257398169832488965""",https://video.twimg.com/ext_tw_video/1257398169832488965/pu/pl/GPbGw7nCYSyogTVZ.m3u8?tag=10,https://t.co/O9puFIak5A
"""1256087720394469376""","""1256087477225431041""",https://video.twimg.com/ext_tw_video/1256087477225431041/pu/pl/OaqoGiliH1JpwUc1.m3u8?tag=10,https://t.co/67NkoHQ5d3
"""1255961605520658435""","""1255961531893809158""",https://video.twimg.com/ext_tw_video/1255961531893809158/pu/vid/480x600/f3NGkOdvxnzu7U9e.mp4?tag=10,https://t.co/iAUFCeUJEv
"""1255933328827600898""","""1255932487286603776""",https://video.twimg.com/ext_tw_video/1255932487286603776/pu/vid/480x270/YzYLZVctUnc7BG2m.mp4?tag=10,https://t.co/SXYA1OaDVA
"""1255406034774044672""","""1255405951634624512""",https://video.twimg.com/ext_tw_video/1255405951634624512/pu/pl/b_E7cRyOIvxMuKoM.m3u8?tag=10,https://t.co/jKSIitGpdM
"""1254688048157163521""","""1254687659865276416""",https://video.twimg.com/tweet_video/EWmLx25WAAAHaJH.mp4,https://t.co/FChmDfnsIr
"""1254462697229385743""","""1254345960882388994""",https://video.twimg.com/ext_tw_video/1254345960882388994/pu/vid/272x270/-cOM4UvvzuTRDPYZ.mp4?tag=10,https://t.co/FklV7Af6ik
"""1254103954276978693""","""1254103842595262468""",https://video.twimg.com/ext_tw_video/1254103842595262468/pu/vid/400x226/wH9sp28jikxEyXJE.mp4?tag=10,https://t.co/j6QRjFYZ1u
"""1253669512081215488""","""1253669200800944128""",https://video.twimg.com/ext_tw_video/1253669200800944128/pu/pl/NFgrvVmrFTFxXss9.m3u8?tag=10,https://t.co/lSptTLSs36
"""1253192654415945729""","""1253189055606644739""",https://video.twimg.com/ext_tw_video/1253189055606644739/pu/vid/640x352/8kuL6BgAdTNYBdQn.mp4?tag=10,https://t.co/h0r2hCHyMi
"""1252947590506844160""","""1252947578284621824""",https://video.twimg.com/tweet_video/EWNdLx3XQAAMKE0.mp4,https://t.co/wqCgp3x3by
"""1252873656138518528""","""1252873414517252098""",https://video.twimg.com/tweet_video/EWMZu4TU4AITpBf.mp4,https://t.co/sZSXuMWMsY
"""1251817231551475713""","""1251817152719605760""",https://video.twimg.com/ext_tw_video/1251817152719605760/pu/pl/NALmTslPdIfp1BNv.m3u8?tag=10,https://t.co/4hutv14Aar
"""1251803545814421504""","""1251803505246994432""",https://video.twimg.com/ext_tw_video/1251803505246994432/pu/pl/_dM8J9ZwfDqaIfkq.m3u8?tag=10,https://t.co/CEgv2u8uZs
"""1251771753770205184""","""1251771571598954496""",https://video.twimg.com/ext_tw_video/1251771571598954496/pu/vid/400x400/R3lPQUek4nEIYIkW.mp4?tag=10,https://t.co/k5hjrnom4X
"""1251587052287725573""","""1251586786482159616""",https://video.twimg.com/ext_tw_video/1251586786482159616/pu/pl/4ihHc4Yv0zTBRN_k.m3u8?tag=10,https://t.co/YI3qbh8rQP
"""1251305008924065792""","""1251304806905524225""",https://video.twimg.com/ext_tw_video/1251304806905524225/pu/pl/BNgfuzYWeDgcpfDO.m3u8?tag=10,https://t.co/y703iBZOV3
"""1251216673249669122""","""1250889727496118275""",https://video.twimg.com/amplify_video/1250889727496118275/pl/YCh5WjLqPfzjMJJN.m3u8?tag=13,https://t.co/PnAkppGJkL
"""1251169298783109121""","""1251168973690777601""",https://video.twimg.com/ext_tw_video/1251168973690777601/pu/pl/10-vIC2O4zbDWX48.m3u8?tag=10,https://t.co/90rBHGS2J9
"""1250733172943237122""","""1250716839916773376""",https://video.twimg.com/ext_tw_video/1250716839916773376/pu/vid/640x640/y1MxGtvgdvXTNKKY.mp4?tag=10,https://t.co/r7OjT0i9PE
"""1250497309319839745""","""1250496989059592193""",https://video.twimg.com/ext_tw_video/1250496989059592193/pu/vid/320x320/km8cfiLeocqQR-Fs.mp4?tag=10,https://t.co/rjUUnroYri
"""1250323891970379779""","""1250323638110150658""",https://video.twimg.com/ext_tw_video/1250323638110150658/pu/vid/400x224/lOp6EcpmycbNosZV.mp4?tag=10,https://t.co/4ukRXPUTa2
"""1249975571687358466""","""1249975510576369671""",https://video.twimg.com/ext_tw_video/1249975510576369671/pu/pl/ilc2NUNvZXukRbSK.m3u8?tag=10,https://t.co/sT0b0S79XA
"""1249946055896109056""","""1249945687711723520""",https://video.twimg.com/ext_tw_video/1249945687711723520/pu/vid/400x300/SZIt68DkAqPUnKN6.mp4?tag=10,https://t.co/ft1LCUbAUV
"""1249697922595409928""","""1249696662039269376""",https://video.twimg.com/ext_tw_video/1249696662039269376/pu/vid/1280x720/egiUOdlGMye_i7iW.mp4?tag=10,https://t.co/HNVpqwDFsM
"""1249611428027400192""","""1249611279167295488""",https://video.twimg.com/ext_tw_video/1249611279167295488/pu/vid/360x640/C7yJrEiM3I6zhrAb.mp4?tag=10,https://t.co/upql1N2oid
"""1249410867013263363""","""1249410665816694790""",https://video.twimg.com/ext_tw_video/1249410665816694790/pu/pl/2wDtJ9BiAyO_F3ln.m3u8?tag=10,https://t.co/stbWv9GQSg
"""1249368875138940929""","""1249368805559742465""",https://video.twimg.com/ext_tw_video/1249368805559742465/pu/vid/576x1090/3vh8-mUXTYgvh3BM.mp4?tag=10,https://t.co/AKzDXbzncF
"""1249365391090073601""","""1249349541272395781""",https://video.twimg.com/ext_tw_video/1249349541272395781/pu/vid/640x352/woGvf-GdbOWt1BQh.mp4?tag=10,https://t.co/iwm2pWmLjg
"""1249350902307147779""","""1249349901198254085""",https://video.twimg.com/ext_tw_video/1249349901198254085/pu/vid/480x270/VsGjIKJiBxcr3u5V.mp4?tag=10,https://t.co/gSKS1yYSHI
"""1249349879060746245""","""1249349541272395781""",https://video.twimg.com/ext_tw_video/1249349541272395781/pu/vid/640x352/woGvf-GdbOWt1BQh.mp4?tag=10,https://t.co/iwm2pWmLjg
"""1249347839035088896""","""1249346849221246978""",https://video.twimg.com/ext_tw_video/1249346849221246978/pu/vid/480x270/F2YfHYu4tzGMCqZ1.mp4?tag=10,https://t.co/ClFAceBHoQ
"""1249286217964957697""","""1249286166467264512""",https://video.twimg.com/ext_tw_video/1249286166467264512/pu/vid/368x640/Y2ZHptuy19yUPvzR.mp4?tag=10,https://t.co/SdGcprFIgF
"""1248327348769996804""","""1248326768106364930""",https://video.twimg.com/ext_tw_video/1248326768106364930/pu/pl/p2tlIQ6aj6NYU2bf.m3u8?tag=10,https://t.co/iQ8PpMoE79
"""1248242034873446402""","""1248241132061863937""",https://video.twimg.com/ext_tw_video/1248241132061863937/pu/vid/320x320/vsBJmRHUn_UOXIZ4.mp4?tag=10,https://t.co/dUGF07B6CG
"""1248212702356475906""","""1248212510810845186""",https://video.twimg.com/ext_tw_video/1248212510810845186/pu/vid/400x220/mjdqorxgphDcpOrP.mp4?tag=10,https://t.co/4Gyf0yeSg2
"""1248198382574845952""","""1248198256112222208""",https://video.twimg.com/ext_tw_video/1248198256112222208/pu/pl/IvfDQhuyjjPCzWpR.m3u8?tag=10,https://t.co/c3Hl35ojGd
"""1248132497789071361""","""1248132232838967296""",https://video.twimg.com/ext_tw_video/1248132232838967296/pu/vid/360x640/RsYK3RVYwbUWdI2j.mp4?tag=10,https://t.co/y2i63EdJSS
"""1248001243009683457""","""1248001228304314368""",https://video.twimg.com/ext_tw_video/1248001228304314368/pu/vid/398x224/teJk06usEE_WSHaY.mp4?tag=10,https://t.co/Gf1knoS9H7
"""1247779411748773894""","""1247768974881767436""",https://video.twimg.com/ext_tw_video/1247768974881767436/pu/pl/QMdXg9P-XlM6WBnX.m3u8?tag=10,https://t.co/r9N3Eq6AaE
"""1247429256814170112""","""1247428392959475718""",https://video.twimg.com/ext_tw_video/1247428392959475718/pu/pl/MuVWqCdoSCMma4S6.m3u8?tag=10,https://t.co/chbuP75CSI
"""1247297596353392641""","""1247297563902054403""",https://video.twimg.com/ext_tw_video/1247297563902054403/pu/vid/640x640/m-3yPGKGWZ53JIQ0.mp4?tag=10,https://t.co/CUgdytPRS6
"""1247201850581024770""","""1247201681827299328""",https://video.twimg.com/ext_tw_video/1247201681827299328/pu/vid/720x1280/72uTyV6RGpEK_rei.mp4?tag=10,https://t.co/qFTpozQ0qB
"""1246791645900812289""","""1246791505559379970""",https://video.twimg.com/ext_tw_video/1246791505559379970/pu/vid/360x640/FNyc0sB5xqg2PNyR.mp4?tag=10,https://t.co/du7oPivdwB
"""1246745141773287424""","""1246743900141862912""",https://video.twimg.com/ext_tw_video/1246743900141862912/pu/vid/368x640/1HsgvOMuddYuGV78.mp4?tag=10,https://t.co/OK5RQyhmzz
"""1246739433895989250""","""1246738094168190976""",https://video.twimg.com/ext_tw_video/1246738094168190976/pu/vid/720x720/E8dADc42XyXuavcw.mp4?tag=10,https://t.co/B2bv6yCVE3
"""1246677269273247744""","""1246676125201379328""",https://video.twimg.com/ext_tw_video/1246676125201379328/pu/pl/FDoLhPcrYXDoil2q.m3u8?tag=10,https://t.co/8T7iiSL6Zi
"""1246670918748954631""","""1246669829798494210""",https://video.twimg.com/ext_tw_video/1246669829798494210/pu/vid/640x480/3mv8DB4KXIHxPB2F.mp4?tag=10,https://t.co/T39vdDHrlD
"""1246545377739898886""","""1246545189298147328""",https://video.twimg.com/ext_tw_video/1246545189298147328/pu/pl/crf-VhsS6SJVvIpG.m3u8?tag=10,https://t.co/DP8cbEj8mX
"""1246495335545004033""","""1246465455759536128""",https://video.twimg.com/ext_tw_video/1246465455759536128/pu/vid/226x400/R3RNnW5bfxtmKDRb.mp4?tag=10,https://t.co/2702R2K646
"""1246465619924602881""","""1246465455759536128""",https://video.twimg.com/ext_tw_video/1246465455759536128/pu/vid/226x400/R3RNnW5bfxtmKDRb.mp4?tag=10,https://t.co/2702R2K646
"""1246384176322002949""","""1246382880508588034""",https://video.twimg.com/ext_tw_video/1246382880508588034/pu/vid/480x270/xhBt1LzrLs71Ro29.mp4?tag=10,https://t.co/TX9HM8yBvB
"""1246197610597122048""","""1246192537431351298""",https://video.twimg.com/ext_tw_video/1246192537431351298/pu/vid/480x480/86L5doyyguSo1cbc.mp4?tag=10,https://t.co/INz9q9Y3nM
"""1246192673255456769""","""1246192537431351298""",https://video.twimg.com/ext_tw_video/1246192537431351298/pu/vid/480x480/86L5doyyguSo1cbc.mp4?tag=10,https://t.co/E9D7jbUJF0
"""1246023249575714819""","""1246022258792878086""",https://video.twimg.com/ext_tw_video/1246022258792878086/pu/vid/320x580/jrxvIB7bLiUerHrl.mp4?tag=10,https://t.co/IAZorwYt1X
"""1245782233748770817""","""1245692166804029440""",https://video.twimg.com/ext_tw_video/1245692166804029440/pu/vid/480x480/Pf8V2mwlb0cHR5Ph.mp4?tag=10,https://t.co/M5CEdP8eK1
"""1245715496437272576""","""1245692166804029440""",https://video.twimg.com/ext_tw_video/1245692166804029440/pu/vid/480x480/Pf8V2mwlb0cHR5Ph.mp4?tag=10,https://t.co/M5CEdP8eK1
"""1245713588540649480""","""1245692166804029440""",https://video.twimg.com/ext_tw_video/1245692166804029440/pu/vid/480x480/Pf8V2mwlb0cHR5Ph.mp4?tag=10,https://t.co/M5CEdP8eK1
"""1245712935621726209""","""1245692166804029440""",https://video.twimg.com/ext_tw_video/1245692166804029440/pu/vid/480x480/Pf8V2mwlb0cHR5Ph.mp4?tag=10,https://t.co/M5CEdP8eK1
"""1245712589742649349""","""1245692166804029440""",https://video.twimg.com/ext_tw_video/1245692166804029440/pu/vid/480x480/Pf8V2mwlb0cHR5Ph.mp4?tag=10,https://t.co/M5CEdP8eK1
"""1245686322376957954""","""1245684198981189632""",https://video.twimg.com/ext_tw_video/1245684198981189632/pu/pl/ZkX85QoV5S5KXzWc.m3u8?tag=10,https://t.co/q9t8pSkdA0
"""1245682875233689600""","""1245682602763325440""",https://video.twimg.com/ext_tw_video/1245682602763325440/pu/vid/480x270/dNLgdZ9UiWjEJsqh.mp4?tag=10,https://t.co/LEXo2dsfS3
"""1245260163298267136""","""1245259913749835777""",https://video.twimg.com/ext_tw_video/1245259913749835777/pu/vid/208x400/UYWjXucbYi07fL6e.mp4?tag=10,https://t.co/AgX7jykWEJ
"""1245062765372456961""","""1245062300593197056""",https://video.twimg.com/ext_tw_video/1245062300593197056/pu/vid/480x480/mhud6YUlrtxn8EJa.mp4?tag=10,https://t.co/0X25wlILI8
"""1245008107530584068""","""1242728514983518209""",https://video.twimg.com/ext_tw_video/1242728514983518209/pu/vid/468x270/1XTVhrK5XaPbOrOS.mp4?tag=10,https://t.co/FWFzn63sH8
"""1244877333066067974""","""1244877249846878208""",https://video.twimg.com/ext_tw_video/1244877249846878208/pu/pl/QRAOW7QqhEBydlU2.m3u8?tag=10,https://t.co/MdMssKJe8m
"""1244561253256826880""","""1234533498846941184""",https://video.twimg.com/ext_tw_video/1234533498846941184/pu/pl/hQu32Tah8peIhRHF.m3u8?tag=10,https://t.co/an2q07H3FN
"""1244384924343435265""","""1244384672651644928""",https://video.twimg.com/ext_tw_video/1244384672651644928/pu/pl/cdBIYCbDTEVRoDli.m3u8?tag=10,https://t.co/5PABiF3sZ0
"""1243784906720677890""","""1243784866287816704""",https://video.twimg.com/ext_tw_video/1243784866287816704/pu/pl/LKTm1paLYAp1L0WC.m3u8?tag=10,https://t.co/YTaNvLZ730
"""1243606278477434882""","""1243605172112232448""",https://video.twimg.com/ext_tw_video/1243605172112232448/pu/vid/450x360/6vjRcgzkOEFVS7dn.mp4?tag=10,https://t.co/uSVNjPafsx
"""1243548535754313729""","""1243548072870903810""",https://video.twimg.com/ext_tw_video/1243548072870903810/pu/vid/640x360/DdEISY3MpGAFD9Wr.mp4?tag=10,https://t.co/QEgDz39uWP
"""1243548488803274759""","""1243548072870903810""",https://video.twimg.com/ext_tw_video/1243548072870903810/pu/vid/640x360/DdEISY3MpGAFD9Wr.mp4?tag=10,https://t.co/QEgDz39uWP
"""1243456446664183809""","""1243448871025606656""",https://video.twimg.com/ext_tw_video/1243448871025606656/pu/vid/484x270/BFIgw70YTA7qbZWX.mp4?tag=10,https://t.co/ZrPrbJpSWB
"""1243402097405480963""","""1243397701577801731""",https://video.twimg.com/ext_tw_video/1243397701577801731/pu/vid/360x444/9YPJti1I5IurtQXo.mp4?tag=10,https://t.co/qeSVQTDjVI
"""1243209525223661568""","""1243208948783681536""",https://video.twimg.com/ext_tw_video/1243208948783681536/pu/vid/222x400/mhAhsugZezWvRwgc.mp4?tag=10,https://t.co/9FcOEXqK8B
"""1243173454268039168""","""1243173303461859328""",https://video.twimg.com/amplify_video/1243173303461859328/vid/640x480/A9oJ6qWVOree7vkp.mp4?tag=13,https://t.co/UJpxQmas8U
"""1242948754082123777""","""1242948520169975808""",https://video.twimg.com/ext_tw_video/1242948520169975808/pu/vid/1280x720/WcuemPkVwmF5-dEa.mp4?tag=10,https://t.co/F9s82ex515
"""1242817123505917953""","""1242817104237211648""",https://video.twimg.com/tweet_video/ET9fklLWsAANtbJ.mp4,https://t.co/0AlFsYEBy6
"""1242793470827388928""","""1242783510949134343""",https://video.twimg.com/ext_tw_video/1242783510949134343/pu/vid/490x270/shDh6lhyXZieDAPu.mp4?tag=10,https://t.co/ZDxTXnCD6k
"""1242763766359633920""","""1242763481654444032""",https://video.twimg.com/ext_tw_video/1242763481654444032/pu/pl/JpAV5Qwf4MYbDSYs.m3u8?tag=10,https://t.co/fSIKAM7t1C
"""1242751675422695428""","""1242751558246416384""",https://video.twimg.com/ext_tw_video/1242751558246416384/pu/vid/320x320/sgoE1tFrOp2KUjuH.mp4?tag=10,https://t.co/10SXbaw1Rc
"""1242749918797860864""","""1242749856902504448""",https://video.twimg.com/ext_tw_video/1242749856902504448/pu/vid/296x270/rIr8UvMv88qBB4ld.mp4?tag=10,https://t.co/yr2goHUeTN
"""1242723047855083522""","""1242722722083454976""",https://video.twimg.com/ext_tw_video/1242722722083454976/pu/vid/478x270/9lVMs8DWNhdgLKCR.mp4?tag=10,https://t.co/xF2g3w2tQE
"""1242692832764231680""","""1242691939260129281""",https://video.twimg.com/ext_tw_video/1242691939260129281/pu/vid/480x480/PZcUTIOcnkODNSc_.mp4?tag=10,https://t.co/2Rq1yiobZO
"""1242083558400851975""","""1242083382655430656""",https://video.twimg.com/ext_tw_video/1242083382655430656/pu/vid/640x480/3nT0qcWlX9za1Bnb.mp4?tag=10,https://t.co/PulMgT4lgO
"""1241695194048798720""","""1241694813969436672""",https://video.twimg.com/ext_tw_video/1241694813969436672/pu/vid/320x320/Ms8OkVFpxPx1d3rS.mp4?tag=10,https://t.co/WmRuzNtzCp
"""1241604395394928642""","""1241006729162260483""",https://video.twimg.com/ext_tw_video/1241006729162260483/pu/pl/AzyZxotMlai39tkr.m3u8?tag=10,https://t.co/AInhRsOnwy
"""1241566729538613249""","""1241566396380782593""",https://video.twimg.com/ext_tw_video/1241566396380782593/pu/pl/PJvC9bhrduhQ6ZyI.m3u8?tag=10,https://t.co/O3lGqtEqMH
"""1241495363430879237""","""1241495222485487618""",https://video.twimg.com/ext_tw_video/1241495222485487618/pu/pl/43Iel-v9-wRSL6qX.m3u8?tag=10,https://t.co/6fKUyMhWLD
"""1241474402988052480""","""1241473957225791488""",https://video.twimg.com/ext_tw_video/1241473957225791488/pu/pl/GIN_mxuW1XuToAK7.m3u8?tag=10,https://t.co/Rk2wLvMs35
"""1241116936894910465""","""1241116100298973186""",https://video.twimg.com/ext_tw_video/1241116100298973186/pu/vid/480x270/kTFcFe3I_5aIg4LR.mp4?tag=10,https://t.co/uk4VTwC8y1
"""1241006891951517704""","""1241006729162260483""",https://video.twimg.com/ext_tw_video/1241006729162260483/pu/pl/AzyZxotMlai39tkr.m3u8?tag=10,https://t.co/AInhRsOnwy
"""1240922237932314624""","""1240922199386656768""",https://video.twimg.com/ext_tw_video/1240922199386656768/pu/vid/640x352/lOJ8hTCDvri_Zwc3.mp4?tag=10,https://t.co/q9hg73Ryim
"""1240901191011360768""","""1240900442890153984""",https://video.twimg.com/ext_tw_video/1240900442890153984/pu/vid/480x270/9e2ip8aEE-qtNWq6.mp4?tag=10,https://t.co/n9SrdyBBJA
"""1240894869582819329""","""1240894724124422144""",https://video.twimg.com/ext_tw_video/1240894724124422144/pu/pl/fhNBp7Tzl9UIOw5X.m3u8?tag=10,https://t.co/QdMJTi82za
"""1240764119088848898""","""1240587095963570177""",https://video.twimg.com/ext_tw_video/1240587095963570177/pu/vid/480x270/ihqpqgJSTaepQRo1.mp4?tag=10,https://t.co/sntmUn88rS
"""1240740628541124628""","""1240587095963570177""",https://video.twimg.com/ext_tw_video/1240587095963570177/pu/vid/480x270/ihqpqgJSTaepQRo1.mp4?tag=10,https://t.co/sntmUn88rS
"""1240693664185081857""","""1240587095963570177""",https://video.twimg.com/ext_tw_video/1240587095963570177/pu/vid/480x270/ihqpqgJSTaepQRo1.mp4?tag=10,https://t.co/sntmUn88rS
"""1240686327110070272""","""1240587095963570177""",https://video.twimg.com/ext_tw_video/1240587095963570177/pu/vid/480x270/ihqpqgJSTaepQRo1.mp4?tag=10,https://t.co/sntmUn88rS
"""1240684356395569155""","""1240587095963570177""",https://video.twimg.com/ext_tw_video/1240587095963570177/pu/vid/480x270/ihqpqgJSTaepQRo1.mp4?tag=10,https://t.co/sntmUn88rS
"""1240672773137141760""","""1240587095963570177""",https://video.twimg.com/ext_tw_video/1240587095963570177/pu/vid/480x270/ihqpqgJSTaepQRo1.mp4?tag=10,https://t.co/sntmUn88rS
"""1240646771715575809""","""1240566153887416320""",https://video.twimg.com/ext_tw_video/1240566153887416320/pu/vid/320x480/h8bCPiYfGjK7lgNY.mp4?tag=10,https://t.co/dA4F9EmW5T
"""1240609138901766144""","""1240587095963570177""",https://video.twimg.com/ext_tw_video/1240587095963570177/pu/vid/480x270/ihqpqgJSTaepQRo1.mp4?tag=10,https://t.co/sntmUn88rS
"""1240604131531853825""","""1240587095963570177""",https://video.twimg.com/ext_tw_video/1240587095963570177/pu/vid/480x270/ihqpqgJSTaepQRo1.mp4?tag=10,https://t.co/sntmUn88rS
"""1240599811625308160""","""1240587095963570177""",https://video.twimg.com/ext_tw_video/1240587095963570177/pu/vid/480x270/ihqpqgJSTaepQRo1.mp4?tag=10,https://t.co/sntmUn88rS
"""1240598464058310657""","""1240587095963570177""",https://video.twimg.com/ext_tw_video/1240587095963570177/pu/vid/480x270/ihqpqgJSTaepQRo1.mp4?tag=10,https://t.co/sntmUn88rS
"""1240597545585381376""","""1240587095963570177""",https://video.twimg.com/ext_tw_video/1240587095963570177/pu/vid/480x270/ihqpqgJSTaepQRo1.mp4?tag=10,https://t.co/sntmUn88rS
"""1240592902268563456""","""1240587095963570177""",https://video.twimg.com/ext_tw_video/1240587095963570177/pu/vid/480x270/ihqpqgJSTaepQRo1.mp4?tag=10,https://t.co/sntmUn88rS
"""1240591394965786625""","""1240587095963570177""",https://video.twimg.com/ext_tw_video/1240587095963570177/pu/vid/480x270/ihqpqgJSTaepQRo1.mp4?tag=10,https://t.co/sntmUn88rS
"""1240588581195964418""","""1240587095963570177""",https://video.twimg.com/ext_tw_video/1240587095963570177/pu/vid/480x270/ihqpqgJSTaepQRo1.mp4?tag=10,https://t.co/sntmUn88rS
"""1240587974359822336""","""1240587095963570177""",https://video.twimg.com/ext_tw_video/1240587095963570177/pu/vid/480x270/ihqpqgJSTaepQRo1.mp4?tag=10,https://t.co/sntmUn88rS
"""1240587454782099456""","""1240587095963570177""",https://video.twimg.com/ext_tw_video/1240587095963570177/pu/vid/480x270/ihqpqgJSTaepQRo1.mp4?tag=10,https://t.co/sntmUn88rS
"""1240218926044319744""","""1240218787661611008""",https://video.twimg.com/ext_tw_video/1240218787661611008/pu/vid/480x480/IPrfExklIwMdTIJP.mp4?tag=10,https://t.co/ve0qAJSzPZ
"""1239905801361338369""","""1239853772584747010""",https://video.twimg.com/ext_tw_video/1239853772584747010/pu/vid/360x636/JizwtVyQdkMMlZCO.mp4?tag=10,https://t.co/vluYizQrZS
"""1239599640347136002""","""1239599590510407680""",https://video.twimg.com/ext_tw_video/1239599590510407680/pu/vid/480x480/ZfPshQJiQxiTZx0H.mp4?tag=10,https://t.co/d1CD77WO9M
"""1239440363888283648""","""1238985664072318977""",https://video.twimg.com/ext_tw_video/1238985664072318977/pu/pl/mhupC395CxEGfj--.m3u8?tag=10,https://t.co/FVcFcIhfK4
"""1238851638917566464""","""1238851577496174598""",https://video.twimg.com/ext_tw_video/1238851577496174598/pu/pl/gSCOdT3WAJJKVA5F.m3u8?tag=10,https://t.co/8JNyMZZmhi
"""1238553936610672646""","""1238553611468255232""",https://video.twimg.com/ext_tw_video/1238553611468255232/pu/vid/352x640/elsRKyVKQBM7TBUj.mp4?tag=10,https://t.co/g4GvQwyd6O
"""1238488213288779777""","""1237938159373225984""",https://video.twimg.com/ext_tw_video/1237938159373225984/pu/pl/1AcL_ElH4hsU5nwt.m3u8?tag=10,https://t.co/eeciANzgyq
"""1238008579698896896""","""1237938159373225984""",https://video.twimg.com/ext_tw_video/1237938159373225984/pu/pl/1AcL_ElH4hsU5nwt.m3u8?tag=10,https://t.co/eeciANzgyq
"""1238000812179234816""","""1237938159373225984""",https://video.twimg.com/ext_tw_video/1237938159373225984/pu/pl/1AcL_ElH4hsU5nwt.m3u8?tag=10,https://t.co/eeciANzgyq
"""1236566366376857601""","""1236303275915436032""",https://video.twimg.com/ext_tw_video/1236303275915436032/pu/vid/360x640/sCRtaHMrkegqLxu1.mp4?tag=10,https://t.co/7QRvcPXrLm
"""1236421873996632066""","""1236122323100594176""",https://video.twimg.com/ext_tw_video/1236122323100594176/pu/vid/492x270/uOYgSs_Nw5fODfzr.mp4?tag=10,https://t.co/aahQpk638f
"""1234208442845364228""","""1234208377623937024""",https://video.twimg.com/ext_tw_video/1234208377623937024/pu/vid/224x400/9w-5gkZcPG9s5fD1.mp4?tag=10,https://t.co/6o03pQ9f9S
