"Tweet Id","Media Id","Media URL","Tweet URL"
"""1248892735085596673""","""1248243970750046208""",https://video.twimg.com/ext_tw_video/1248243970750046208/pu/vid/1280x720/ax5Cwd4Kleh-9DKX.mp4?tag=10,https://t.co/uKJtfi4cuP
"""1248698571177721858""","""1248243970750046208""",https://video.twimg.com/ext_tw_video/1248243970750046208/pu/vid/1280x720/ax5Cwd4Kleh-9DKX.mp4?tag=10,https://t.co/uKJtfi4cuP
"""1248671976660533250""","""1248243970750046208""",https://video.twimg.com/ext_tw_video/1248243970750046208/pu/vid/1280x720/ax5Cwd4Kleh-9DKX.mp4?tag=10,https://t.co/uKJtfi4cuP
"""1248639957603889153""","""1248243970750046208""",https://video.twimg.com/ext_tw_video/1248243970750046208/pu/vid/1280x720/ax5Cwd4Kleh-9DKX.mp4?tag=10,https://t.co/uKJtfi4cuP
"""1248639371722534913""","""1248243970750046208""",https://video.twimg.com/ext_tw_video/1248243970750046208/pu/vid/1280x720/ax5Cwd4Kleh-9DKX.mp4?tag=10,https://t.co/uKJtfi4cuP
"""1248629764853764097""","""1248243970750046208""",https://video.twimg.com/ext_tw_video/1248243970750046208/pu/vid/1280x720/ax5Cwd4Kleh-9DKX.mp4?tag=10,https://t.co/uKJtfi4cuP
"""1248629660029792264""","""1248243970750046208""",https://video.twimg.com/ext_tw_video/1248243970750046208/pu/vid/1280x720/ax5Cwd4Kleh-9DKX.mp4?tag=10,https://t.co/uKJtfi4cuP
"""1248562693839126529""","""1248243970750046208""",https://video.twimg.com/ext_tw_video/1248243970750046208/pu/vid/1280x720/ax5Cwd4Kleh-9DKX.mp4?tag=10,https://t.co/uKJtfi4cuP
"""1248556943129456641""","""1248243970750046208""",https://video.twimg.com/ext_tw_video/1248243970750046208/pu/vid/1280x720/ax5Cwd4Kleh-9DKX.mp4?tag=10,https://t.co/uKJtfi4cuP
"""1248552725522022400""","""1248243970750046208""",https://video.twimg.com/ext_tw_video/1248243970750046208/pu/vid/1280x720/ax5Cwd4Kleh-9DKX.mp4?tag=10,https://t.co/uKJtfi4cuP
"""1248487267888287744""","""1248243970750046208""",https://video.twimg.com/ext_tw_video/1248243970750046208/pu/vid/1280x720/ax5Cwd4Kleh-9DKX.mp4?tag=10,https://t.co/uKJtfi4cuP
"""1248471951359655938""","""1248243970750046208""",https://video.twimg.com/ext_tw_video/1248243970750046208/pu/vid/1280x720/ax5Cwd4Kleh-9DKX.mp4?tag=10,https://t.co/uKJtfi4cuP
"""1248471450429710344""","""1248243970750046208""",https://video.twimg.com/ext_tw_video/1248243970750046208/pu/vid/1280x720/ax5Cwd4Kleh-9DKX.mp4?tag=10,https://t.co/uKJtfi4cuP
"""1248429773723799553""","""1248243970750046208""",https://video.twimg.com/ext_tw_video/1248243970750046208/pu/vid/1280x720/ax5Cwd4Kleh-9DKX.mp4?tag=10,https://t.co/uKJtfi4cuP
"""1248427876392689664""","""1248243970750046208""",https://video.twimg.com/ext_tw_video/1248243970750046208/pu/vid/1280x720/ax5Cwd4Kleh-9DKX.mp4?tag=10,https://t.co/uKJtfi4cuP
"""1246413888272416768""","""1246237864544866304""",https://video.twimg.com/amplify_video/1246237864544866304/vid/1280x720/5_7g5wer7KkLEh10.mp4?tag=13,https://t.co/JU4ENmyI4k
