"Tweet Id","Media Id","Media URL","Tweet URL"
"""1306169255050829824""","""1306169251556921345""",https://pbs.twimg.com/media/EiByA4-WkAEzJxB.jpg,https://t.co/xf03V099ca
"""1296140196010962950""","""1296140183155482626""",https://pbs.twimg.com/media/EfzQoRwXoAIq7Vu.jpg,https://t.co/JpnOl9xzY2
"""1282554679164121088""","""1282553965796827136""",https://pbs.twimg.com/media/EcyMCWCWoAAgzEv.png,https://t.co/8l5vQYrp1h
"""1280876168334508032""","""1280876122222231555""",https://pbs.twimg.com/media/EcaWC_pWAAMoRxL.jpg,https://t.co/vVaZhFNc23
"""1280876168334508032""","""1278445278614478855""",https://pbs.twimg.com/media/Eb3zNRiXYAcyWns.jpg,https://t.co/HPSdINo3zT
"""1268064058844069888""","""1268064047062278146""",https://pbs.twimg.com/media/EZkRiEWXYAIkUJV.jpg,https://t.co/e49KAFkrX9
"""1267083651516444673""","""1267083641928273921""",https://pbs.twimg.com/media/EZWV2-nX0AEUUko.jpg,https://t.co/X09J6Ph3ck
"""1266090173550510080""","""1266090170035646465""",https://pbs.twimg.com/media/EZIOTTaWsAEcpIi.jpg,https://t.co/BW58Pxhk6r
"""1260828135463018496""","""1260827868545908737""",https://pbs.twimg.com/media/EX9cRCuXgAEX5W4.jpg,https://t.co/fEeurf0YpV
"""1255494659415179264""","""1217043225535320065""",https://pbs.twimg.com/media/EOPOXY5UEAEYk7g.jpg,https://t.co/KTdApR9W3p
"""1251453257798606848""","""1251451804946239491""",https://pbs.twimg.com/media/EV4MyT9XkAMpEWW.jpg,https://t.co/uAXDzl1mLj
"""1248604262482886657""","""1248604124230193152""",https://pbs.twimg.com/media/EVPu1enUEAAFiY_.jpg,https://t.co/WLQWhdaXVC
"""1248604262482886657""","""1248604220892180480""",https://pbs.twimg.com/media/EVPu7GtU8AAcmjl.jpg,https://t.co/WLQWhdaXVC
"""1248604262482886657""","""1248604234389450754""",https://pbs.twimg.com/media/EVPu74_U8AItuCB.jpg,https://t.co/WLQWhdaXVC
"""1248604262482886657""","""1248604245105848320""",https://pbs.twimg.com/media/EVPu8g6UMAAc324.jpg,https://t.co/WLQWhdaXVC
"""1248148248449163265""","""1247883299403362310""",https://pbs.twimg.com/media/EVFfP84UcAYLxqD.jpg,https://t.co/Hzy8swH5KI
"""1246395761010540545""","""1246395733860921344""",https://pbs.twimg.com/media/EUwWUPZXsAApyx6.jpg,https://t.co/2Akefhry4k
"""1246102562165723139""","""1246102556436242432""",https://pbs.twimg.com/media/EUsLrEYWoAAMjjL.jpg,https://t.co/0Ec2aUhEn5
"""1245616285595004929""","""1245616283699175424""",https://pbs.twimg.com/media/EUlRaRRU4AAjPCM.jpg,https://t.co/T06luJLAq8
"""1245456105385361408""","""1245136058636959744""",https://pbs.twimg.com/media/EUecpfgWAAAZHiz.jpg,https://t.co/RSUHRfT8If
"""1245446909633970179""","""1245136058636959744""",https://pbs.twimg.com/media/EUecpfgWAAAZHiz.jpg,https://t.co/RSUHRfT8If
"""1245395346743873538""","""1245136058636959744""",https://pbs.twimg.com/media/EUecpfgWAAAZHiz.jpg,https://t.co/RSUHRfT8If
"""1245395214522626048""","""1245136058636959744""",https://pbs.twimg.com/media/EUecpfgWAAAZHiz.jpg,https://t.co/RSUHRfT8If
"""1245290457132916736""","""1245136058636959744""",https://pbs.twimg.com/media/EUecpfgWAAAZHiz.jpg,https://t.co/RSUHRfT8If
"""1245266780639170561""","""1245136058636959744""",https://pbs.twimg.com/media/EUecpfgWAAAZHiz.jpg,https://t.co/RSUHRfT8If
"""1245266013714821121""","""1245136058636959744""",https://pbs.twimg.com/media/EUecpfgWAAAZHiz.jpg,https://t.co/RSUHRfT8If
"""1245260015360978945""","""1245136058636959744""",https://pbs.twimg.com/media/EUecpfgWAAAZHiz.jpg,https://t.co/RSUHRfT8If
"""1245183850361348096""","""1245136058636959744""",https://pbs.twimg.com/media/EUecpfgWAAAZHiz.jpg,https://t.co/RSUHRfT8If
"""1245047135424348161""","""1245047119435702273""",https://pbs.twimg.com/media/EUdLwjKWoAEFTZ-.jpg,https://t.co/iIipBIskns
"""1240760289559220225""","""1240760036063879170""",https://pbs.twimg.com/media/ETgQrdEWoAIQkBt.jpg,https://t.co/R8DPtNHjm1
"""1240263055830810629""","""1240262746672955393""",https://pbs.twimg.com/media/ETZMZZuXgAEQQf3.jpg,https://t.co/n39ChEHZfx
"""1240178269942624256""","""1240176599816974338""",https://pbs.twimg.com/media/ETX-C_rXsAI97Cg.jpg,https://t.co/IW04wNIBhA
"""1238485122338492418""","""1238485110200074242""",https://pbs.twimg.com/media/ES_7pV0WAAISp6H.jpg,https://t.co/bEZqT7CaAG
"""1237334021992046593""","""1237334008146599936""",https://pbs.twimg.com/media/ESvkuYgWoAAIurg.jpg,https://t.co/1I0bLU8Kme
