"Tweet Id","Media Id","Media URL","Tweet URL"
"""1321763709773963264""","""1321759124934303745""",https://video.twimg.com/ext_tw_video/1321759124934303745/pu/vid/720x404/ImwhOsYVBBS6Efrd.mp4?tag=10,https://t.co/8oUE4o0At9
"""1321341341150969856""","""1321265821474123776""",https://video.twimg.com/ext_tw_video/1321265821474123776/pu/pl/30O3GJUwj5msLU7U.m3u8?tag=10,https://t.co/NcZ7QOKw4h
"""1316835807932690444""","""1316835798545768450""",https://video.twimg.com/tweet_video/EkZXLo_WoAI5lHr.mp4,https://t.co/BYwhUFfc9K
"""1316736714434637825""","""1316678548804046848""",https://video.twimg.com/amplify_video/1316678548804046848/vid/1280x720/y9K_bBbz3kfOXPpc.mp4?tag=13,https://t.co/wQ2pFW9lY0
"""1316102434897432581""","""1316102149835829254""",https://video.twimg.com/ext_tw_video/1316102149835829254/pu/vid/848x480/Yx-n_4g3r9s9BLlK.mp4?tag=10,https://t.co/IBkggmwHPS
"""1314669095657197568""","""1314489595640324096""",https://video.twimg.com/ext_tw_video/1314489595640324096/pu/pl/NA9duOuwas_MXiHB.m3u8?tag=10,https://t.co/bC5DsJOn29
"""1314439846283415553""","""1314435699299381250""",https://video.twimg.com/amplify_video/1314435699299381250/vid/1280x720/U8G0IIk6IphXyoyP.mp4?tag=13,https://t.co/riUieJj2o3
"""1314104796153098240""","""1314104466866569218""",https://video.twimg.com/ext_tw_video/1314104466866569218/pu/pl/HvYY1Jgqr2jYGm5t.m3u8?tag=10,https://t.co/LK2mFrKeST
"""1313929376107565056""","""1313928891833167873""",https://video.twimg.com/ext_tw_video/1313928891833167873/pu/vid/848x480/-O6r6QaQNkoEUwMD.mp4?tag=10,https://t.co/6axvWMNFep
"""1313137613583376390""","""1313116651559088130""",https://video.twimg.com/amplify_video/1313116651559088130/vid/1280x720/qwrC2ip4BBvJ4bsz.mp4?tag=13,https://t.co/SgQV54IOt9
"""1313126363730239494""","""1313126197136691202""",https://video.twimg.com/ext_tw_video/1313126197136691202/pu/vid/320x320/XHZNCVPYY0mh9bEk.mp4?tag=10,https://t.co/CIhqSW3xPU
"""1311723488827396096""","""1311653899896459266""",https://video.twimg.com/amplify_video/1311653899896459266/pl/qeXrTV--WxL49pw5.m3u8?tag=13,https://t.co/4ae0fNP2OA
"""1311324346506514432""","""1311322979972689920""",https://video.twimg.com/amplify_video/1311322979972689920/pl/JdMDLyXVv5IjNYbJ.m3u8?tag=13,https://t.co/MPwFeeujsZ
"""1311154612926177280""","""1311116559113424896""",https://video.twimg.com/tweet_video/EjIFkF0WkAArhZK.mp4,https://t.co/M2O1g9GVyO
"""1310920486013095937""","""1310919482941026304""",https://video.twimg.com/ext_tw_video/1310919482941026304/pu/vid/1280x720/4JWSb6qrTkUqfepu.mp4?tag=10,https://t.co/2xtdnwJ0mh
"""1310542135079383040""","""1310541848063217665""",https://video.twimg.com/ext_tw_video/1310541848063217665/pu/vid/480x270/l8jUCpGr_QhA5tPT.mp4?tag=10,https://t.co/O4YAJ3byUz
"""1309365829260247040""","""1309365804740337664""",https://video.twimg.com/tweet_video/EivNQxiXYAAFv8B.mp4,https://t.co/pktidITNZx
"""1309217897563254784""","""1309217741627326465""",https://video.twimg.com/ext_tw_video/1309217741627326465/pu/vid/476x270/-7v0BEAqWBiOlEI9.mp4?tag=10,https://t.co/6fP8Vxc0t3
"""1309107501313527808""","""1309107486679617536""",https://video.twimg.com/tweet_video/EiriUrxX0AAf6mY.mp4,https://t.co/6md19UnaB5
"""1308131621426561027""","""1308131466505793537""",https://video.twimg.com/ext_tw_video/1308131466505793537/pu/vid/476x270/umuN6jsSbHgHM8uo.mp4?tag=10,https://t.co/NNS0M3d4N6
"""1307751784161718273""","""1307751226277335042""",https://video.twimg.com/ext_tw_video/1307751226277335042/pu/vid/640x360/m9p4HTx61Be1xkUR.mp4?tag=10,https://t.co/ITPy7pipsO
"""1307734303355346946""","""1307733291274039296""",https://video.twimg.com/ext_tw_video/1307733291274039296/pu/vid/480x270/Z04piXCrbmdj_Wq1.mp4?tag=10,https://t.co/k4EOde8WU9
"""1307707826828124162""","""1307707347318394885""",https://video.twimg.com/ext_tw_video/1307707347318394885/pu/vid/320x580/AI09vtzT2kJ-oefo.mp4?tag=10,https://t.co/fWvYkWSqtQ
"""1306080033715429377""","""1306061910106750976""",https://video.twimg.com/ext_tw_video/1306061910106750976/pu/vid/480x270/EfMKrvQR7i6RODLi.mp4?tag=10,https://t.co/l6spYTL25H
"""1305178790105145344""","""1304985073016594433""",https://video.twimg.com/amplify_video/1304985073016594433/vid/628x360/W2HeD7OC9OmOcadM.mp4?tag=13,https://t.co/HW4Ww25sAP
"""1304534687432560657""","""1304534474848337927""",https://video.twimg.com/ext_tw_video/1304534474848337927/pu/vid/1280x720/ZF2O5cPjnqSASptW.mp4?tag=10,https://t.co/IbTjh7slIe
"""1304484419105947653""","""1303423657130196992""",https://video.twimg.com/ext_tw_video/1303423657130196992/pu/vid/476x270/HFwi_juz3sTQL_HG.mp4?tag=10,https://t.co/xuN0mHkkPO
"""1304050722301005826""","""1303782292897312769""",https://video.twimg.com/ext_tw_video/1303782292897312769/pu/vid/480x480/owkdAZkIPsK8b7tr.mp4?tag=10,https://t.co/MlvTGu61UC
"""1303880074245140481""","""1303880025335365632""",https://video.twimg.com/tweet_video/EhhP-YvXgAA3z83.mp4,https://t.co/DIYO2aKs8S
"""1303782871312850944""","""1303782292897312769""",https://video.twimg.com/ext_tw_video/1303782292897312769/pu/vid/480x480/owkdAZkIPsK8b7tr.mp4?tag=10,https://t.co/MlvTGu61UC
"""1303616115181051904""","""1303273222062759938""",https://video.twimg.com/ext_tw_video/1303273222062759938/pu/vid/1280x720/8qAryt81uEGfwiwz.mp4?tag=10,https://t.co/xknPF7zYME
"""1303513807529160705""","""1303326366121824258""",https://video.twimg.com/ext_tw_video/1303326366121824258/pu/vid/480x270/2-Jw3A4pQDE9SuFe.mp4?tag=10,https://t.co/qLmmDPkATw
"""1303441721485864960""","""1301373785707368452""",https://video.twimg.com/amplify_video/1301373785707368452/pl/xtGgz2hcw8eSq49E.m3u8?tag=13,https://t.co/RETs9c7xMv
"""1303427180395925509""","""1303423657130196992""",https://video.twimg.com/ext_tw_video/1303423657130196992/pu/vid/476x270/HFwi_juz3sTQL_HG.mp4?tag=10,https://t.co/xuN0mHkkPO
"""1303423921555988488""","""1303423657130196992""",https://video.twimg.com/ext_tw_video/1303423657130196992/pu/vid/476x270/HFwi_juz3sTQL_HG.mp4?tag=10,https://t.co/xuN0mHkkPO
"""1303369983297294336""","""1303273222062759938""",https://video.twimg.com/ext_tw_video/1303273222062759938/pu/vid/1280x720/8qAryt81uEGfwiwz.mp4?tag=10,https://t.co/xknPF7zYME
"""1303324306668220418""","""1303273222062759938""",https://video.twimg.com/ext_tw_video/1303273222062759938/pu/vid/1280x720/8qAryt81uEGfwiwz.mp4?tag=10,https://t.co/xknPF7zYME
"""1302002098528292865""","""1301987509128310792""",https://video.twimg.com/ext_tw_video/1301987509128310792/pu/vid/720x720/ouxl-NM-MgdLigcv.mp4?tag=10,https://t.co/5X2ZS3EXwx
"""1301764760623632384""","""1301764601734979586""",https://video.twimg.com/ext_tw_video/1301764601734979586/pu/vid/720x1280/vHWuQSpAB7z8gpfQ.mp4?tag=10,https://t.co/9AauPYtaLw
"""1301604992793665536""","""1301604594028630017""",https://video.twimg.com/ext_tw_video/1301604594028630017/pu/vid/1280x720/tdYfsCZxx0NhTwXB.mp4?tag=10,https://t.co/iaCF8G6EIJ
"""1301540921620791296""","""1301540432615223296""",https://video.twimg.com/ext_tw_video/1301540432615223296/pu/pl/8CmaHV37nan1BL-e.m3u8?tag=10,https://t.co/6tk6EUKuK6
"""1300517690478661633""","""1300517551647137793""",https://video.twimg.com/ext_tw_video/1300517551647137793/pu/pl/KU3vIbuM52zZpvyI.m3u8?tag=10,https://t.co/orJREeX9cB
"""1298748054791749633""","""1298713272430936065""",https://video.twimg.com/ext_tw_video/1298713272430936065/pu/vid/492x270/163zLAZIMRd0WiHj.mp4?tag=10,https://t.co/i1eggAz3Oc
"""1298713435299917834""","""1298713272430936065""",https://video.twimg.com/ext_tw_video/1298713272430936065/pu/vid/492x270/163zLAZIMRd0WiHj.mp4?tag=10,https://t.co/i1eggAz3Oc
"""1297489720826626048""","""1297483266694422529""",https://video.twimg.com/amplify_video/1297483266694422529/vid/640x360/biRw7AODFT2dFs9z.mp4?tag=13,https://t.co/30JzufuwtX
"""1296798807582269441""","""1295990733321756672""",https://video.twimg.com/ext_tw_video/1295990733321756672/pu/vid/640x356/KK1HuUb9yg_7WW7x.mp4?tag=10,https://t.co/SvibD290mG
"""1296335075752194048""","""1269012476412284931""",https://video.twimg.com/amplify_video/1269012476412284931/pl/DL8WRE17Wzvzyt6E.m3u8?tag=13,https://t.co/hlIbOlpozy
"""1295786200515653634""","""1280908885503750144""",https://video.twimg.com/amplify_video/1280908885503750144/vid/1280x720/k-LCnwz3D-8Uo112.mp4?tag=13,https://t.co/FpdrInuZ7u
"""1294137883905781760""","""1294136818997137408""",https://video.twimg.com/tweet_video/EfWylIsUEAALGQe.mp4,https://t.co/Tc2A6lYRQV
"""1293351752402698240""","""1293262689381351426""",https://video.twimg.com/tweet_video/EfKXkGHXgAINvdY.mp4,https://t.co/V0DZc0H8nG
"""1293254970469494787""","""1293251834337882112""",https://video.twimg.com/amplify_video/1293251834337882112/vid/1280x720/BbLUYuU8l8QsrSBd.mp4?tag=13,https://t.co/29LFNTSOst
"""1293244713877872640""","""1293243240003637248""",https://video.twimg.com/tweet_video/EfKF3_iXkAAuA7P.mp4,https://t.co/Htdun9zlI0
"""1293206098737008640""","""1293205028472315904""",https://video.twimg.com/amplify_video/1293205028472315904/pl/-lzolL_JvkKYORml.m3u8?tag=13,https://t.co/jaz6oKaY18
"""1293183876685168648""","""1293183457594507268""",https://video.twimg.com/ext_tw_video/1293183457594507268/pu/vid/480x270/3Mg0b4ytjZviYT2S.mp4?tag=10,https://t.co/4HgghubCge
"""1293122525556350976""","""1293115307591073794""",https://video.twimg.com/tweet_video/EfIRhWKWAAIDNlV.mp4,https://t.co/vBsQHqtiNp
"""1291744208395665408""","""1291744090695008257""",https://video.twimg.com/ext_tw_video/1291744090695008257/pu/vid/400x224/N8_YAd3K5qbxBTC9.mp4?tag=10,https://t.co/UeUGAcXPqZ
"""1291444703192403968""","""1291105776803753991""",https://video.twimg.com/amplify_video/1291105776803753991/vid/1280x720/1l0ip7QNwELC--Es.mp4?tag=13,https://t.co/3Ahx5yMSGQ
"""1291073021470560256""","""1291016580084699136""",https://video.twimg.com/tweet_video/EeqcvU8WkAAQ4JB.mp4,https://t.co/YZ2nxVRLDn
"""1290742577701031936""","""1288960754163552257""",https://video.twimg.com/ext_tw_video/1288960754163552257/pu/pl/YmpBZcKWLeM5pFQd.m3u8?tag=10,https://t.co/bu6q5v2p4C
"""1289833369178578946""","""1289830059478601733""",https://video.twimg.com/ext_tw_video/1289830059478601733/pu/pl/BYwehwUEw_ZXskvZ.m3u8?tag=10,https://t.co/Za1jJHMyXN
"""1289694732222730240""","""1289549395726303232""",https://video.twimg.com/tweet_video/EeVmV9SWAAABZpU.mp4,https://t.co/nkyIxKfAFt
"""1289664109798096899""","""1289549395726303232""",https://video.twimg.com/tweet_video/EeVmV9SWAAABZpU.mp4,https://t.co/nkyIxKfAFt
"""1289190438075686913""","""1289066656422133762""",https://video.twimg.com/ext_tw_video/1289066656422133762/pu/vid/480x270/yiNCblPC0B6y2dsV.mp4?tag=10,https://t.co/QcwZAiyivi
"""1289172587130638341""","""1289170538733199361""",https://video.twimg.com/ext_tw_video/1289170538733199361/pu/pl/FrpnmteMjS4KxCuh.m3u8?tag=10,https://t.co/kLaar0slON
"""1289107457105690624""","""1288960754163552257""",https://video.twimg.com/ext_tw_video/1288960754163552257/pu/pl/YmpBZcKWLeM5pFQd.m3u8?tag=10,https://t.co/bu6q5v2p4C
"""1289071166985056257""","""1288960754163552257""",https://video.twimg.com/ext_tw_video/1288960754163552257/pu/pl/YmpBZcKWLeM5pFQd.m3u8?tag=10,https://t.co/bu6q5v2p4C
"""1289062404484145152""","""1288960754163552257""",https://video.twimg.com/ext_tw_video/1288960754163552257/pu/pl/YmpBZcKWLeM5pFQd.m3u8?tag=10,https://t.co/bu6q5v2p4C
"""1288780837064851457""","""1288772657115287553""",https://video.twimg.com/ext_tw_video/1288772657115287553/pu/vid/720x720/pkjs1P3p1r17PsnG.mp4?tag=10,https://t.co/1LUuZflBk7
"""1288774617574727680""","""1288772657115287553""",https://video.twimg.com/ext_tw_video/1288772657115287553/pu/vid/720x720/pkjs1P3p1r17PsnG.mp4?tag=10,https://t.co/1LUuZflBk7
"""1288128113696636932""","""1288121583861563396""",https://video.twimg.com/ext_tw_video/1288121583861563396/pu/vid/480x270/xN1Pvxki94NSzo6V.mp4?tag=10,https://t.co/1jgeMIbJJp
"""1288122708442537988""","""1288121583861563396""",https://video.twimg.com/ext_tw_video/1288121583861563396/pu/vid/480x270/xN1Pvxki94NSzo6V.mp4?tag=10,https://t.co/GsLCeGNvoG
"""1287838842523758592""","""1287833320835833856""",https://video.twimg.com/amplify_video/1287833320835833856/vid/1280x720/oKtP0o2PYlKmy01n.mp4?tag=13,https://t.co/ISzd6veTzo
"""1285650801583628288""","""1285650782969372675""",https://video.twimg.com/tweet_video/EdeMk1AXoAMigPp.mp4,https://t.co/CAznHyHEDn
"""1285635979018199047""","""1285635503367360512""",https://video.twimg.com/ext_tw_video/1285635503367360512/pu/pl/Me-RUCusFUkJEsIY.m3u8?tag=10,https://t.co/6dKhYGBYKz
"""1283851284244828160""","""1283844351202865154""",https://video.twimg.com/amplify_video/1283844351202865154/vid/480x270/iFTW9qFOh_OL6k-l.mp4?tag=13,https://t.co/sLHB51isoK
"""1283769293000159232""","""1283768883632119808""",https://video.twimg.com/tweet_video/EdDc_3qXoAA44IH.mp4,https://t.co/fzQepKZgvD
"""1282824571712929792""","""1265031247132319749""",https://video.twimg.com/amplify_video/1265031247132319749/vid/360x360/syqCjytjfnbQFg7O.mp4?tag=13,https://t.co/onjzVt9ubq
"""1282811256890626048""","""1282713804703399938""",https://video.twimg.com/ext_tw_video/1282713804703399938/pu/vid/324x270/WKhYqEorOwBtpUyZ.mp4?tag=10,https://t.co/QuOYdncyjm
"""1282689565116043265""","""1282687578492338176""",https://video.twimg.com/ext_tw_video/1282687578492338176/pu/vid/360x360/f-Y1g1ITnEXOeNRF.mp4?tag=10,https://t.co/MAnpK1efFG
"""1282689459054620672""","""1111547680298278912""",https://video.twimg.com/ext_tw_video/1111547680298278912/pu/vid/320x706/oYHGt_mVN-civSyJ.mp4?tag=8,https://t.co/6HG5TBLLLl
"""1282689366129881094""","""1282684316032655360""",https://video.twimg.com/ext_tw_video/1282684316032655360/pu/vid/640x360/MD8k4FgQ85DuLvUq.mp4?tag=10,https://t.co/PBTLnYIo3z
"""1280790743322439680""","""1244984968054480897""",https://video.twimg.com/amplify_video/1244984968054480897/vid/320x320/3Uekv1HCyIHOwnpv.mp4?tag=13,https://t.co/QuyzuzOT2g
"""1280787320984285185""","""1280785371434024960""",https://video.twimg.com/ext_tw_video/1280785371434024960/pu/vid/640x360/uzDePUXZHZpMPjD2.mp4?tag=10,https://t.co/sM8QUZwgG7
"""1279606617642807301""","""1279573438609289216""",https://video.twimg.com/ext_tw_video/1279573438609289216/pu/vid/480x270/TSdDYNk-0t9dGQEo.mp4?tag=10,https://t.co/qKWfIimCxW
"""1279189585495388160""","""1278962721686532096""",https://video.twimg.com/ext_tw_video/1278962721686532096/pu/vid/640x360/pqurd6wcHAaUkQUB.mp4?tag=10,https://t.co/rSeul0urkc
"""1279141234913796096""","""1278962721686532096""",https://video.twimg.com/ext_tw_video/1278962721686532096/pu/vid/640x360/pqurd6wcHAaUkQUB.mp4?tag=10,https://t.co/rSeul0urkc
"""1279094520903319558""","""1278962721686532096""",https://video.twimg.com/ext_tw_video/1278962721686532096/pu/vid/640x360/pqurd6wcHAaUkQUB.mp4?tag=10,https://t.co/rSeul0urkc
"""1279044158238461952""","""1278962721686532096""",https://video.twimg.com/ext_tw_video/1278962721686532096/pu/vid/640x360/pqurd6wcHAaUkQUB.mp4?tag=10,https://t.co/rSeul0urkc
"""1279041805712011264""","""1278962721686532096""",https://video.twimg.com/ext_tw_video/1278962721686532096/pu/vid/640x360/pqurd6wcHAaUkQUB.mp4?tag=10,https://t.co/rSeul0urkc
"""1278991424277680128""","""1278962721686532096""",https://video.twimg.com/ext_tw_video/1278962721686532096/pu/vid/640x360/pqurd6wcHAaUkQUB.mp4?tag=10,https://t.co/rSeul0urkc
"""1278976725330866177""","""1278962721686532096""",https://video.twimg.com/ext_tw_video/1278962721686532096/pu/vid/640x360/pqurd6wcHAaUkQUB.mp4?tag=10,https://t.co/rSeul0urkc
"""1278972960884371456""","""1278962721686532096""",https://video.twimg.com/ext_tw_video/1278962721686532096/pu/vid/640x360/pqurd6wcHAaUkQUB.mp4?tag=10,https://t.co/rSeul0urkc
"""1278965978802651136""","""1278962721686532096""",https://video.twimg.com/ext_tw_video/1278962721686532096/pu/vid/640x360/pqurd6wcHAaUkQUB.mp4?tag=10,https://t.co/rSeul0urkc
"""1278963312454221824""","""1278962721686532096""",https://video.twimg.com/ext_tw_video/1278962721686532096/pu/vid/640x360/pqurd6wcHAaUkQUB.mp4?tag=10,https://t.co/rSeul0urkc
"""1278962815513120769""","""1278962721686532096""",https://video.twimg.com/ext_tw_video/1278962721686532096/pu/vid/640x360/pqurd6wcHAaUkQUB.mp4?tag=10,https://t.co/rSeul0urkc
"""1278553640794554368""","""1278553631420305413""",https://video.twimg.com/tweet_video/Eb5VwPMX0AUHFbu.mp4,https://t.co/ZC0XSdZe32
"""1276197987878912001""","""1276128240415895552""",https://video.twimg.com/amplify_video/1276128240415895552/vid/640x360/ElDlJZk6K2G1yPkn.mp4?tag=13,https://t.co/N3HDMQQvw1
"""1275588456723308545""","""1275226567216640000""",https://video.twimg.com/ext_tw_video/1275226567216640000/pu/vid/272x270/FPzEvHJ14yJaWNMg.mp4?tag=10,https://t.co/AAg83AuO1K
"""1275276736213602305""","""1275226567216640000""",https://video.twimg.com/ext_tw_video/1275226567216640000/pu/vid/272x270/FPzEvHJ14yJaWNMg.mp4?tag=10,https://t.co/AAg83AuO1K
"""1273298052850290688""","""1272932940024958977""",https://video.twimg.com/ext_tw_video/1272932940024958977/pu/vid/480x270/WCI7eisRpQfi7tx2.mp4?tag=10,https://t.co/Z8MQK5Bi2F
"""1273103292252524544""","""1272603814319792130""",https://video.twimg.com/amplify_video/1272603814319792130/vid/320x320/ckKlckDLzv_Mj9LW.mp4?tag=13,https://t.co/WgtUlSmvc4
"""1272967426595053569""","""1272936269040025601""",https://video.twimg.com/amplify_video/1272936269040025601/vid/484x270/Pc32UHxyLK0NhS-2.mp4?tag=13,https://t.co/JF6zCdmPYC
"""1272949129975607297""","""1272936269040025601""",https://video.twimg.com/amplify_video/1272936269040025601/vid/484x270/Pc32UHxyLK0NhS-2.mp4?tag=13,https://t.co/JF6zCdmPYC
"""1272711507500060672""","""1272696180334567432""",https://video.twimg.com/amplify_video/1272696180334567432/vid/480x270/7fNrOcXdqEWSHx3Z.mp4?tag=13,https://t.co/fjCgaXKY8s
"""1272454526071693313""","""1260954355110481921""",https://video.twimg.com/amplify_video/1260954355110481921/vid/720x720/e5ToNtew7TbwPFqV.mp4?tag=13,https://t.co/g472WBpFad
"""1271604077579952128""","""1271530586943795200""",https://video.twimg.com/amplify_video/1271530586943795200/pl/Qud7vH465RQtT-D0.m3u8?tag=13,https://t.co/KxVs2A0kYt
"""1271522005712605187""","""1271521813177208833""",https://video.twimg.com/ext_tw_video/1271521813177208833/pu/vid/480x270/ttHh95gA5f5XTKoa.mp4?tag=10,https://t.co/QWxsI0xTZ7
"""1270634305014894592""","""1270303599470370817""",https://video.twimg.com/amplify_video/1270303599470370817/vid/640x360/6Act6_aBw097i3AB.mp4?tag=13,https://t.co/CwTKxhTj1g
"""1268103346616963073""","""1268102615671414784""",https://video.twimg.com/ext_tw_video/1268102615671414784/pu/pl/azjvjts9mwyEBfio.m3u8?tag=10,https://t.co/KJYSKxO4aB
"""1267025157471842304""","""1265031247132319749""",https://video.twimg.com/amplify_video/1265031247132319749/vid/360x360/syqCjytjfnbQFg7O.mp4?tag=13,https://t.co/onjzVt9ubq
"""1266302820459753472""","""1265031247132319749""",https://video.twimg.com/amplify_video/1265031247132319749/vid/360x360/syqCjytjfnbQFg7O.mp4?tag=13,https://t.co/onjzVt9ubq
"""1266144921842528258""","""1265031247132319749""",https://video.twimg.com/amplify_video/1265031247132319749/vid/360x360/syqCjytjfnbQFg7O.mp4?tag=13,https://t.co/onjzVt9ubq
"""1266020803025473536""","""1265031247132319749""",https://video.twimg.com/amplify_video/1265031247132319749/vid/360x360/syqCjytjfnbQFg7O.mp4?tag=13,https://t.co/onjzVt9ubq
"""1265960010674307072""","""1265031247132319749""",https://video.twimg.com/amplify_video/1265031247132319749/vid/360x360/syqCjytjfnbQFg7O.mp4?tag=13,https://t.co/onjzVt9ubq
"""1265958770951294977""","""1265031247132319749""",https://video.twimg.com/amplify_video/1265031247132319749/vid/360x360/syqCjytjfnbQFg7O.mp4?tag=13,https://t.co/onjzVt9ubq
"""1265887252355350530""","""1264989206499282947""",https://video.twimg.com/amplify_video/1264989206499282947/vid/480x480/Scqdf3l1xje0d75b.mp4?tag=13,https://t.co/kmtrcDhR43
"""1265874463268241408""","""1265031247132319749""",https://video.twimg.com/amplify_video/1265031247132319749/vid/360x360/syqCjytjfnbQFg7O.mp4?tag=13,https://t.co/onjzVt9ubq
"""1265758596303925249""","""1265756972407808005""",https://video.twimg.com/ext_tw_video/1265756972407808005/pu/vid/320x568/d75NGUyw92WN9JwW.mp4?tag=10,https://t.co/JPZR1AAq1f
"""1265549495078653959""","""1264989206499282947""",https://video.twimg.com/amplify_video/1264989206499282947/vid/480x480/Scqdf3l1xje0d75b.mp4?tag=13,https://t.co/5SNWn8lwPn
"""1265324810617356291""","""1261826261573177344""",https://video.twimg.com/ext_tw_video/1261826261573177344/pu/vid/720x1280/XUVvIaf90VgOeHy5.mp4?tag=10,https://t.co/ciIcCsqtfu
"""1264570406385696769""","""1264569139156283392""",https://video.twimg.com/ext_tw_video/1264569139156283392/pu/vid/640x360/L2KaG7lRbmvEt1-K.mp4?tag=10,https://t.co/ZmTQeO6PLt
"""1263819795214020610""","""1263810708409593856""",https://video.twimg.com/amplify_video/1263810708409593856/pl/ZunvUuNAbgHLxxSG.m3u8?tag=13,https://t.co/oB2IZWlipp
"""1263523547491766272""","""1263522109571108868""",https://video.twimg.com/ext_tw_video/1263522109571108868/pu/vid/640x360/q50afM3mOxymw_Sd.mp4?tag=10,https://t.co/xAgKHIDNS7
"""1263400878209413121""","""1263400761062494209""",https://video.twimg.com/ext_tw_video/1263400761062494209/pu/pl/yf8krQHF_FYBouFf.m3u8?tag=10,https://t.co/iqFUA6WHEZ
"""1263376921401982977""","""1263376220852535297""",https://video.twimg.com/ext_tw_video/1263376220852535297/pu/pl/Dsm7wBTKkffZH_HJ.m3u8?tag=10,https://t.co/vViRzUgLMf
"""1263195850144206856""","""1263192718471237633""",https://video.twimg.com/ext_tw_video/1263192718471237633/pu/vid/1280x720/uqO0bcvHjF2a34CK.mp4?tag=10,https://t.co/GfucGntELJ
"""1263027627494948864""","""1263025764053790720""",https://video.twimg.com/ext_tw_video/1263025764053790720/pu/vid/1280x720/NCuawqUEmgClKZfa.mp4?tag=10,https://t.co/kCnEHN8XCD
"""1262812465076846597""","""1262709458561650688""",https://video.twimg.com/amplify_video/1262709458561650688/vid/480x270/h2dndIhwc2gb9cIY.mp4?tag=13,https://t.co/msxrXwcMIa
"""1262587670951321600""","""1262587200526594049""",https://video.twimg.com/ext_tw_video/1262587200526594049/pu/pl/yxR1AV-tJ0ts6TAv.m3u8?tag=10,https://t.co/riUGk05TZ0
"""1262041909096218625""","""1262039941644771328""",https://video.twimg.com/ext_tw_video/1262039941644771328/pu/vid/1280x720/IjXF-gAotK-45PPQ.mp4?tag=10,https://t.co/9jNZOeRqYP
"""1261675843954397184""","""1261661193158094850""",https://video.twimg.com/amplify_video/1261661193158094850/vid/480x270/kgU9xk7D_KT6CUtt.mp4?tag=13,https://t.co/Jwr0ESOlmo
"""1261584693335638016""","""1261345880600387586""",https://video.twimg.com/amplify_video/1261345880600387586/vid/640x360/0Ndt1gprLlHpNqv4.mp4?tag=13,https://t.co/4LdvrXj3JV
"""1261550772065615873""","""1261345880600387586""",https://video.twimg.com/amplify_video/1261345880600387586/vid/640x360/0Ndt1gprLlHpNqv4.mp4?tag=13,https://t.co/KOf6XVDOcc
"""1261534394591911936""","""1261345880600387586""",https://video.twimg.com/amplify_video/1261345880600387586/vid/640x360/0Ndt1gprLlHpNqv4.mp4?tag=13,https://t.co/KOf6XVDOcc
"""1261377847135842304""","""1261358689790898176""",https://video.twimg.com/amplify_video/1261358689790898176/vid/640x360/VBbVc9qij303esJv.mp4?tag=13,https://t.co/QCBO8Pp3oX
"""1260588750570225667""","""1260580185902063619""",https://video.twimg.com/amplify_video/1260580185902063619/vid/640x360/jhBesiaMTbPMldg3.mp4?tag=13,https://t.co/fWESKg1GIO
"""1260234646689849350""","""1258132734385565696""",https://video.twimg.com/amplify_video/1258132734385565696/vid/640x360/FN73cFXxDV-aOMcl.mp4?tag=13,https://t.co/ONBVWJs8yM
"""1260193172455645184""","""1260191789706817536""",https://video.twimg.com/ext_tw_video/1260191789706817536/pu/vid/320x320/uKj_pR87VJDHAXDk.mp4?tag=10,https://t.co/X32ED1EFec
"""1259746341967757312""","""1258695280196833281""",https://video.twimg.com/amplify_video/1258695280196833281/vid/480x480/vIYbMjW7YLqDJJUA.mp4?tag=13,https://t.co/oLYwrW0bSC
"""1257838378135027712""","""1257838216876634112""",https://video.twimg.com/ext_tw_video/1257838216876634112/pu/pl/O5p7xiOmi0WS2rvF.m3u8?tag=10,https://t.co/q63K0Zs0bd
"""1257680267885662208""","""1257680255172653056""",https://video.twimg.com/tweet_video/EXQth1KWsAAlkFi.mp4,https://t.co/Fshnk2mo5M
"""1257660495764520962""","""1256942108864323584""",https://video.twimg.com/amplify_video/1256942108864323584/vid/720x720/BTKUuS0wX1kvxJtN.mp4?tag=13,https://t.co/eJdDfwSW3k
"""1257573637156208640""","""1256942108864323584""",https://video.twimg.com/amplify_video/1256942108864323584/vid/720x720/BTKUuS0wX1kvxJtN.mp4?tag=13,https://t.co/eJdDfwSW3k
"""1257512609449938945""","""1257512097400963072""",https://video.twimg.com/ext_tw_video/1257512097400963072/pu/pl/6VvYaTOM0-58GpE1.m3u8?tag=10,https://t.co/Fujxgtsp6P
"""1257375194164989959""","""1257374330448732161""",https://video.twimg.com/ext_tw_video/1257374330448732161/pu/pl/4ghCdKw_7haeN-fd.m3u8?tag=10,https://t.co/4IXlxbnTF0
"""1257279787841794048""","""1256888155158044678""",https://video.twimg.com/ext_tw_video/1256888155158044678/pu/vid/640x360/Qj6wf-CoyRErbJ6b.mp4?tag=10,https://t.co/Ddtx5hSozL
"""1256961434627518464""","""1256942108864323584""",https://video.twimg.com/amplify_video/1256942108864323584/vid/720x720/BTKUuS0wX1kvxJtN.mp4?tag=13,https://t.co/eIp3K7phtR
"""1256952239379279872""","""1256942108864323584""",https://video.twimg.com/amplify_video/1256942108864323584/vid/720x720/BTKUuS0wX1kvxJtN.mp4?tag=13,https://t.co/eIp3K7phtR
"""1256490663983579136""","""1256486968264921088""",https://video.twimg.com/ext_tw_video/1256486968264921088/pu/pl/ArL2zXOJchCWuAG9.m3u8?tag=10,https://t.co/6lGItUyIyb
"""1255852678606880771""","""1255835586708946947""",https://video.twimg.com/amplify_video/1255835586708946947/pl/rzY27yswtFgTncam.m3u8?tag=13,https://t.co/iYtQwBig4d
"""1255553100854824962""","""1255552008150532097""",https://video.twimg.com/amplify_video/1255552008150532097/vid/1280x720/w5HRIK6PYCXWYGBP.mp4?tag=13,https://t.co/lU4WXHc5OH
"""1255458764024623105""","""1255455523425697805""",https://video.twimg.com/ext_tw_video/1255455523425697805/pu/pl/0ts4rt6iKCtF5kis.m3u8?tag=10,https://t.co/x5h8kfjSZW
"""1255371596837146626""","""1255371463894368256""",https://video.twimg.com/ext_tw_video/1255371463894368256/pu/pl/4enpH6PG9DhcaG-L.m3u8?tag=10,https://t.co/MwciDFdpuz
"""1255177153081196550""","""1255167580198834176""",https://video.twimg.com/amplify_video/1255167580198834176/vid/320x320/H01IcRTMGwap95IP.mp4?tag=13,https://t.co/nSZgo4YWDE
"""1255086632753078272""","""1255086076017901569""",https://video.twimg.com/ext_tw_video/1255086076017901569/pu/pl/cQcZQXkebAgqQkRL.m3u8?tag=10,https://t.co/Cb1P91FrG1
"""1254751232515878913""","""1254751181135626240""",https://video.twimg.com/ext_tw_video/1254751181135626240/pu/pl/Uhdgscy2RT4C-SYH.m3u8?tag=10,https://t.co/ifjZHJ7ol2
"""1254749129638653952""","""1254748776197210113""",https://video.twimg.com/ext_tw_video/1254748776197210113/pu/vid/480x480/EqFrXJ_b_sF8quV-.mp4?tag=10,https://t.co/27cxkNwT5g
"""1254104875597574145""","""1254054371433877506""",https://video.twimg.com/amplify_video/1254054371433877506/vid/1280x720/9UIm0lHZ7kQYwtcG.mp4?tag=13,https://t.co/jBwnS2uu31
"""1254104683221864456""","""1254054371433877506""",https://video.twimg.com/amplify_video/1254054371433877506/vid/1280x720/9UIm0lHZ7kQYwtcG.mp4?tag=13,https://t.co/jBwnS2uu31
"""1253694689548648449""","""1253694592509190147""",https://video.twimg.com/ext_tw_video/1253694592509190147/pu/vid/476x270/UdUzwSon4y_UsrOk.mp4?tag=10,https://t.co/UgMOk41utM
"""1253681686681923585""","""1253680491531841536""",https://video.twimg.com/tweet_video/EWX3w8eXsAAAJTe.mp4,https://t.co/3DlBwZQ0QS
"""1253623070323027968""","""1253621944299278337""",https://video.twimg.com/ext_tw_video/1253621944299278337/pu/vid/640x360/ktZV96PVnWXMvYkv.mp4?tag=10,https://t.co/3jLzsn4ivu
"""1253443736014589953""","""1253269437605654536""",https://video.twimg.com/ext_tw_video/1253269437605654536/pu/vid/640x360/dFS_WQZLxIo9uDTO.mp4?tag=10,https://t.co/vGzajQiJKv
"""1252766534323314688""","""1252765660893110280""",https://video.twimg.com/ext_tw_video/1252765660893110280/pu/pl/EXjYoaBEmzevYLjq.m3u8?tag=10,https://t.co/OZE0IN3l1f
"""1252222099286089735""","""1252216479283625986""",https://video.twimg.com/ext_tw_video/1252216479283625986/pu/vid/468x270/TcWUgSSIx7TjbS0J.mp4?tag=10,https://t.co/1OyazoHB5u
"""1252133172038586368""","""1252132916177633281""",https://video.twimg.com/ext_tw_video/1252132916177633281/pu/vid/480x270/KT6nMUDQ0T-qMxi6.mp4?tag=10,https://t.co/2IH4c4914U
"""1251957317551247361""","""1251878772581765120""",https://video.twimg.com/ext_tw_video/1251878772581765120/pu/pl/T6NNtPhHM-4JhCer.m3u8?tag=10,https://t.co/7Yd7klOSoi
"""1251951571631472640""","""1251878772581765120""",https://video.twimg.com/ext_tw_video/1251878772581765120/pu/pl/T6NNtPhHM-4JhCer.m3u8?tag=10,https://t.co/7Yd7klOSoi
"""1251921137837228036""","""1251921114697289733""",https://video.twimg.com/tweet_video/EV-3nvBX0AU-yJ_.mp4,https://t.co/dQV6pPrvD6
"""1251818775718039552""","""1251818317465227265""",https://video.twimg.com/ext_tw_video/1251818317465227265/pu/vid/320x564/y2rAoRcxSa6QY-Ma.mp4?tag=10,https://t.co/Afj5d3KHwm
"""1251297270311587845""","""1251297173318352901""",https://video.twimg.com/ext_tw_video/1251297173318352901/pu/vid/480x270/1wNmP9Nx2JnYfAe7.mp4?tag=10,https://t.co/IoIIPR3dKm
"""1251023569959739392""","""1247268426244071429""",https://video.twimg.com/ext_tw_video/1247268426244071429/pu/vid/400x224/rZyZdg4KFJGA3yL2.mp4?tag=10,https://t.co/qi9BycehOu
"""1250714827762405376""","""1250714494919217152""",https://video.twimg.com/ext_tw_video/1250714494919217152/pu/vid/720x1280/MiwL7oOMVlxvdER7.mp4?tag=10,https://t.co/imZwf6ZRqV
"""1250612533607698434""","""1250612023035076609""",https://video.twimg.com/ext_tw_video/1250612023035076609/pu/vid/398x224/4JR7tMDQeMq2SiIX.mp4?tag=10,https://t.co/D9mEZ8sCaw
"""1250408852186697732""","""1250408742254006272""",https://video.twimg.com/ext_tw_video/1250408742254006272/pu/vid/398x222/-z9bjDjF716QPVPK.mp4?tag=10,https://t.co/NxiNvKHF7q
"""1250397085561696257""","""1250392622797070336""",https://video.twimg.com/ext_tw_video/1250392622797070336/pu/vid/480x270/zGnCpyLH_krwhYzn.mp4?tag=10,https://t.co/3E8eJCb8gT
"""1249480137390907392""","""1249479967290920960""",https://video.twimg.com/ext_tw_video/1249479967290920960/pu/pl/H9DlTQUgthENNlM3.m3u8?tag=10,https://t.co/s9JrK7ajsl
"""1248140217355309058""","""1247780514393538560""",https://video.twimg.com/ext_tw_video/1247780514393538560/pu/vid/320x544/_armVs32ACktJefj.mp4?tag=10,https://t.co/6o8D0r9opa
"""1247907228331507712""","""1247907214372802562""",https://video.twimg.com/tweet_video/EVF0__FWkAI3PKs.mp4,https://t.co/6ZyymGlUy7
"""1247855444057620480""","""1247853791174631424""",https://video.twimg.com/ext_tw_video/1247853791174631424/pu/vid/352x400/gHT2OvZ8bj0UnPHB.mp4?tag=10,https://t.co/GPU16r27bl
"""1247854041058729985""","""1247853791174631424""",https://video.twimg.com/ext_tw_video/1247853791174631424/pu/vid/352x400/gHT2OvZ8bj0UnPHB.mp4?tag=10,https://t.co/GPU16r27bl
"""1247674391724466177""","""1246644885895200769""",https://video.twimg.com/ext_tw_video/1246644885895200769/pu/pl/U-Q78V_uTQImb15B.m3u8?tag=10,https://t.co/k5OqasRgPW
"""1247601551767744514""","""1247601506158809088""",https://video.twimg.com/ext_tw_video/1247601506158809088/pu/pl/CWvP7dNJvu5Xk8Gg.m3u8?tag=10,https://t.co/L26k9ljFh3
"""1247580382259826690""","""1247580099194630145""",https://video.twimg.com/ext_tw_video/1247580099194630145/pu/vid/400x400/0WVhObppmNy18gxK.mp4?tag=10,https://t.co/A8ZVFtSpnC
"""1247564279047499779""","""1247564265155973122""",https://video.twimg.com/tweet_video/EVA9FtsX0AI3gU7.mp4,https://t.co/9dH4AqiIz8
"""1247560989089857537""","""1247560680456290306""",https://video.twimg.com/ext_tw_video/1247560680456290306/pu/vid/490x270/oOA32sUrzTI1zPok.mp4?tag=10,https://t.co/LkzI2hUVnC
"""1247486078694699009""","""1247485950487408640""",https://video.twimg.com/ext_tw_video/1247485950487408640/pu/pl/wc1GPxc-Xx54WvC_.m3u8?tag=10,https://t.co/WEwtc1szhu
"""1247443872470499329""","""1247443792174690305""",https://video.twimg.com/ext_tw_video/1247443792174690305/pu/vid/428x360/jAt-K_leZ_HCEdSh.mp4?tag=10,https://t.co/jQ0M34QHFe
"""1247430197768568835""","""1247421281085075456""",https://video.twimg.com/ext_tw_video/1247421281085075456/pu/pl/pb2V6kqEm_uAZgcU.m3u8?tag=10,https://t.co/ROcBN1Hs4x
"""1247429256814170112""","""1247428392959475718""",https://video.twimg.com/ext_tw_video/1247428392959475718/pu/pl/MuVWqCdoSCMma4S6.m3u8?tag=10,https://t.co/chbuP75CSI
"""1247425895767461889""","""1246016414965592064""",https://video.twimg.com/ext_tw_video/1246016414965592064/pu/vid/480x600/dUZmVnU5YcyCyhP4.mp4?tag=10,https://t.co/sLxj50Zkkr
"""1247424374199721984""","""1247424344856428544""",https://video.twimg.com/amplify_video/1247424344856428544/vid/480x270/iy4gxpqetI7EBbMd.mp4?tag=13,https://t.co/Ry4EjDnptY
"""1247421948461793287""","""1247421281085075456""",https://video.twimg.com/ext_tw_video/1247421281085075456/pu/pl/pb2V6kqEm_uAZgcU.m3u8?tag=10,https://t.co/PYIMI6PDpV
"""1247393663665213440""","""1247268426244071429""",https://video.twimg.com/ext_tw_video/1247268426244071429/pu/vid/400x224/rZyZdg4KFJGA3yL2.mp4?tag=10,https://t.co/EVA7OwGFkn
"""1247357719423713280""","""1247357665807867904""",https://video.twimg.com/ext_tw_video/1247357665807867904/pu/pl/iUPQ0RTKuLZhS8n0.m3u8?tag=10,https://t.co/PHXuZgj3Ke
"""1247287950691500032""","""1247287906617655296""",https://video.twimg.com/ext_tw_video/1247287906617655296/pu/vid/220x400/e5JgmwhJuJCir-KZ.mp4?tag=10,https://t.co/alDDLIk2kM
"""1247266883579109376""","""1247266820349984770""",https://video.twimg.com/ext_tw_video/1247266820349984770/pu/vid/480x270/4ioo8k4I9LA0YOPR.mp4?tag=10,https://t.co/Cib4fp9YtC
"""1247265463375147008""","""1247265397126152198""",https://video.twimg.com/ext_tw_video/1247265397126152198/pu/vid/480x270/nhfoMLvI5L2nAETS.mp4?tag=10,https://t.co/owEQPJhzlm
"""1247240851664838658""","""1247214602632540160""",https://video.twimg.com/ext_tw_video/1247214602632540160/pu/vid/256x142/hMIPcVXSYNWvfO8o.mp4?tag=10,https://t.co/bxJjyvgmSJ
"""1247214770836639745""","""1247214602632540160""",https://video.twimg.com/ext_tw_video/1247214602632540160/pu/vid/256x142/hMIPcVXSYNWvfO8o.mp4?tag=10,https://t.co/bxJjyvgmSJ
"""1246996279000956928""","""1246996267407990785""",https://video.twimg.com/tweet_video/EU44f5MXYAEwl0g.mp4,https://t.co/GSzO8PHvYE
"""1246855919083929606""","""1246855806169108488""",https://video.twimg.com/ext_tw_video/1246855806169108488/pu/vid/352x640/3FQ0KfqhWhD57VFA.mp4?tag=10,https://t.co/MuWnHCiYhV
"""1246826318194339840""","""1246768585218891784""",https://video.twimg.com/ext_tw_video/1246768585218891784/pu/pl/FfmgJSb2ElAwY0KI.m3u8?tag=10,https://t.co/2DVIETGZkT
"""1246802467414847490""","""1246762496935018501""",https://video.twimg.com/ext_tw_video/1246762496935018501/pu/vid/320x320/x2UEC9uk8VxMy0O8.mp4?tag=10,https://t.co/psVjG9zHZ8
"""1246796357366697985""","""1246544010103177219""",https://video.twimg.com/ext_tw_video/1246544010103177219/pu/vid/320x362/V1DRw09VXF2E0-gP.mp4?tag=10,https://t.co/mzj4naITKi
"""1246795073326645248""","""1246644885895200769""",https://video.twimg.com/ext_tw_video/1246644885895200769/pu/pl/U-Q78V_uTQImb15B.m3u8?tag=10,https://t.co/k5OqasRgPW
"""1246794810436001793""","""1246658174117130241""",https://video.twimg.com/ext_tw_video/1246658174117130241/pu/pl/BWC7syAW97JQ-1vM.m3u8?tag=10,https://t.co/9zFN9bIjzW
"""1246793850624053248""","""1246597889037606913""",https://video.twimg.com/ext_tw_video/1246597889037606913/pu/vid/360x450/3wQZdZqazWsuUSq3.mp4?tag=10,https://t.co/ekIWU2ebN0
"""1246772758098345985""","""1246762496935018501""",https://video.twimg.com/ext_tw_video/1246762496935018501/pu/vid/320x320/x2UEC9uk8VxMy0O8.mp4?tag=10,https://t.co/psVjG9zHZ8
"""1246769219888459776""","""1246768511923388419""",https://video.twimg.com/ext_tw_video/1246768511923388419/pu/vid/352x270/dfOmlAvwVrcozgcN.mp4?tag=10,https://t.co/aPpvu0jTl9
"""1246768312287100928""","""1246762496935018501""",https://video.twimg.com/ext_tw_video/1246762496935018501/pu/vid/320x320/x2UEC9uk8VxMy0O8.mp4?tag=10,https://t.co/psVjG9zHZ8
"""1246709948018556930""","""1246644885895200769""",https://video.twimg.com/ext_tw_video/1246644885895200769/pu/pl/U-Q78V_uTQImb15B.m3u8?tag=10,https://t.co/k5OqasRgPW
"""1246695632544415744""","""1246695569004912642""",https://video.twimg.com/ext_tw_video/1246695569004912642/pu/vid/320x568/-Yla1fps8yuThPjd.mp4?tag=10,https://t.co/3zAUIPxgYm
"""1246368927585841152""","""1246368652246634496""",https://video.twimg.com/ext_tw_video/1246368652246634496/pu/pl/6vgS4q2PbTpn6ODu.m3u8?tag=10,https://t.co/MT4lT1FHzz
"""1246212833051844611""","""1246212818568974337""",https://video.twimg.com/tweet_video/EUtv9K1XkAElhsn.mp4,https://t.co/jTONFzq8Nk
"""1246142690317799424""","""1246142622521012231""",https://video.twimg.com/ext_tw_video/1246142622521012231/pu/vid/490x270/H2x2nBYvSa7bWavp.mp4?tag=10,https://t.co/pzSqX3DSuD
"""1246131086834520065""","""1245785187537031169""",https://video.twimg.com/ext_tw_video/1245785187537031169/pu/pl/9zaog4--lNjHbTur.m3u8?tag=10,https://t.co/yiIpR6rJoU
"""1246123178528776193""","""1246123095808761859""",https://video.twimg.com/ext_tw_video/1246123095808761859/pu/vid/408x720/-WaSyZzKU7RuoHdG.mp4?tag=10,https://t.co/WnnFbCJ3hK
"""1246037617667444737""","""1246037171175223298""",https://video.twimg.com/ext_tw_video/1246037171175223298/pu/pl/YGC91F3Fn7EVxe_f.m3u8?tag=10,https://t.co/i718f1bPCq
"""1246017170036965376""","""1246016414965592064""",https://video.twimg.com/ext_tw_video/1246016414965592064/pu/vid/480x600/dUZmVnU5YcyCyhP4.mp4?tag=10,https://t.co/sLxj50Zkkr
"""1246013893547360261""","""1246013844477972483""",https://video.twimg.com/ext_tw_video/1246013844477972483/pu/pl/It6ULlZYKZnISGaw.m3u8?tag=10,https://t.co/qRDODHPQOi
"""1245840392215461888""","""1245839921690095617""",https://video.twimg.com/ext_tw_video/1245839921690095617/pu/pl/DsrnevTn6abt2YEK.m3u8?tag=10,https://t.co/U5jAxZJsnB
"""1245455541763219457""","""1245454669490651144""",https://video.twimg.com/ext_tw_video/1245454669490651144/pu/vid/368x656/jR88nnmRZHahGxMs.mp4?tag=10,https://t.co/XV9uP4RVpz
"""1245273943503765504""","""1245273866370461697""",https://video.twimg.com/ext_tw_video/1245273866370461697/pu/pl/PU4o2gfMMazFfCzI.m3u8?tag=10,https://t.co/0wZuEJZ83E
"""1244680773560487936""","""1244680706107805699""",https://video.twimg.com/ext_tw_video/1244680706107805699/pu/vid/224x400/3r3qDmGRdLgNsW2S.mp4?tag=10,https://t.co/rsR3kHJzhZ
"""1244617510684631041""","""1244617502623027200""",https://video.twimg.com/tweet_video/EUXFBj0UUAA39IE.mp4,https://t.co/N3xG55epvR
"""1244324516530212869""","""1244324006490255361""",https://video.twimg.com/ext_tw_video/1244324006490255361/pu/pl/z1SnrC936NHke7zl.m3u8?tag=10,https://t.co/maMlnjRynl
"""1243606956583071751""","""1242498919214600197""",https://video.twimg.com/amplify_video/1242498919214600197/vid/720x720/afZwhoh3vtWTFPI3.mp4?tag=13,https://t.co/aRTGhS0M1x
"""1243031791566495744""","""1243031555355938816""",https://video.twimg.com/ext_tw_video/1243031555355938816/pu/vid/490x270/n_0VSUactnnSi5m-.mp4?tag=10,https://t.co/KQxmnKZI8f
"""1242757933051662336""","""1242498919214600197""",https://video.twimg.com/amplify_video/1242498919214600197/vid/720x720/afZwhoh3vtWTFPI3.mp4?tag=13,https://t.co/aRTGhS0M1x
"""1242232638481543168""","""1242232450694209543""",https://video.twimg.com/ext_tw_video/1242232450694209543/pu/pl/LkkXZgdeb74JKBD0.m3u8?tag=10,https://t.co/LXNMJFnkmT
"""1242142924814585856""","""1242138849989574660""",https://video.twimg.com/ext_tw_video/1242138849989574660/pu/vid/320x320/LeDgwpaxiPCWUAY9.mp4?tag=10,https://t.co/sdWpJpm0nb
"""1241653048960790529""","""1241652233751523328""",https://video.twimg.com/ext_tw_video/1241652233751523328/pu/pl/uVbYwBIlEI99LJ6G.m3u8?tag=10,https://t.co/omWsVnXaFD
"""1241588893205565441""","""1241588799345496064""",https://video.twimg.com/ext_tw_video/1241588799345496064/pu/vid/640x360/cPTQxQP8XAY4_5oa.mp4?tag=10,https://t.co/H3sg5xLWKv
"""1240889129031872512""","""1240884849323499521""",https://video.twimg.com/ext_tw_video/1240884849323499521/pu/vid/480x270/SUmYTC4c1f3t9rB1.mp4?tag=10,https://t.co/ojpCCTnd2H
"""1240536292762497024""","""1240536153700302849""",https://video.twimg.com/ext_tw_video/1240536153700302849/pu/pl/gRNG0GA9W2zdCA11.m3u8?tag=10,https://t.co/LKKUrXmlhl
"""1240476945470586880""","""1240002510590541824""",https://video.twimg.com/amplify_video/1240002510590541824/pl/4JKRVYxOAJ3_xnwZ.m3u8?tag=13,https://t.co/KKyKfvW6at
"""1239971526494969857""","""1239967979594321922""",https://video.twimg.com/ext_tw_video/1239967979594321922/pu/vid/1280x720/-zw4xyQh5X01K9e7.mp4?tag=10,https://t.co/KXwupw6Ycb
"""1239901404451528706""","""1239897609801797635""",https://video.twimg.com/ext_tw_video/1239897609801797635/pu/vid/480x270/xQGwQHRV1QuF0FBl.mp4?tag=10,https://t.co/5x6zhABekB
"""1239866581775196161""","""1239866492969193472""",https://video.twimg.com/ext_tw_video/1239866492969193472/pu/pl/rWjO962svfoFKReW.m3u8?tag=10,https://t.co/dPdGZXt9gB
"""1239838031508647936""","""1239722547849179136""",https://video.twimg.com/ext_tw_video/1239722547849179136/pu/vid/480x270/wOO0AtgK9WyywgGt.mp4?tag=10,https://t.co/9DuNRRsh53
"""1239806321035182080""","""1239801954055991296""",https://video.twimg.com/ext_tw_video/1239801954055991296/pu/vid/490x270/_0a_CTLlGE0MlClE.mp4?tag=10,https://t.co/jMWhscQTbq
"""1239801364340932608""","""1239741481302265857""",https://video.twimg.com/ext_tw_video/1239741481302265857/pu/vid/640x360/ZAvatbUJMmY3DmZE.mp4?tag=10,https://t.co/LtCfQCsWsZ
"""1239799194820493312""","""1239799001182089217""",https://video.twimg.com/ext_tw_video/1239799001182089217/pu/vid/640x352/Yvv1M_XIZHyp8hc4.mp4?tag=10,https://t.co/08jXXRcdG1
"""1239726770280169477""","""1239726729163407360""",https://video.twimg.com/ext_tw_video/1239726729163407360/pu/pl/6jKj7VHFdHEdvnaI.m3u8?tag=10,https://t.co/H2PVvlkCOz
"""1239667352100392965""","""1239666765413732354""",https://video.twimg.com/ext_tw_video/1239666765413732354/pu/vid/752x416/HItwIzW0Qt3-xE2J.mp4?tag=10,https://t.co/m1O9GWB3PY
"""1239653750693822464""","""1239653384120082434""",https://video.twimg.com/ext_tw_video/1239653384120082434/pu/vid/490x270/Off3ulEIDV-vb25j.mp4?tag=10,https://t.co/ilwg5e74HW
"""1239648768619929600""","""1239646716795781120""",https://video.twimg.com/ext_tw_video/1239646716795781120/pu/vid/640x360/MSNFUZR0YTEfzv3h.mp4?tag=10,https://t.co/KSAfOSEEOv
"""1239558562755620865""","""1239558298304753665""",https://video.twimg.com/ext_tw_video/1239558298304753665/pu/vid/304x640/Gmd87cndojNyUoGP.mp4?tag=10,https://t.co/iko6A7iCV9
"""1239543476712325121""","""1239542039898992640""",https://video.twimg.com/ext_tw_video/1239542039898992640/pu/vid/480x270/qAwl7N_05MOMV1D5.mp4?tag=10,https://t.co/SN73yP8wqO
"""1238776715813552128""","""1238503942985834502""",https://video.twimg.com/ext_tw_video/1238503942985834502/pu/vid/320x320/yNhhoD9ESbO7Gopo.mp4?tag=10,https://t.co/saMND4tvur
"""1238694370418835456""","""1238503942985834502""",https://video.twimg.com/ext_tw_video/1238503942985834502/pu/vid/320x320/yNhhoD9ESbO7Gopo.mp4?tag=10,https://t.co/saMND4tvur
"""1238668333697961984""","""1238503942985834502""",https://video.twimg.com/ext_tw_video/1238503942985834502/pu/vid/320x320/yNhhoD9ESbO7Gopo.mp4?tag=10,https://t.co/saMND4tvur
"""1238541277089718278""","""1238503942985834502""",https://video.twimg.com/ext_tw_video/1238503942985834502/pu/vid/320x320/yNhhoD9ESbO7Gopo.mp4?tag=10,https://t.co/saMND4tvur
"""1238539433332391938""","""1238503942985834502""",https://video.twimg.com/ext_tw_video/1238503942985834502/pu/vid/320x320/yNhhoD9ESbO7Gopo.mp4?tag=10,https://t.co/saMND4tvur
"""1238518200175820800""","""1238503942985834502""",https://video.twimg.com/ext_tw_video/1238503942985834502/pu/vid/320x320/yNhhoD9ESbO7Gopo.mp4?tag=10,https://t.co/saMND4tvur
"""1238512760734076930""","""1238503942985834502""",https://video.twimg.com/ext_tw_video/1238503942985834502/pu/vid/320x320/yNhhoD9ESbO7Gopo.mp4?tag=10,https://t.co/saMND4tvur
"""1238512406176899076""","""1238503942985834502""",https://video.twimg.com/ext_tw_video/1238503942985834502/pu/vid/320x320/yNhhoD9ESbO7Gopo.mp4?tag=10,https://t.co/saMND4tvur
"""1238504520226873346""","""1238503942985834502""",https://video.twimg.com/ext_tw_video/1238503942985834502/pu/vid/320x320/yNhhoD9ESbO7Gopo.mp4?tag=10,https://t.co/saMND4tvur
"""1238447618847539200""","""1238447529316036610""",https://video.twimg.com/ext_tw_video/1238447529316036610/pu/vid/202x426/XhWIt24lYgGS7OST.mp4?tag=10,https://t.co/Pyp51njLvX
"""1238124010208202752""","""1238123593940242432""",https://video.twimg.com/ext_tw_video/1238123593940242432/pu/pl/YNRRZyFo44Z5vNXK.m3u8?tag=10,https://t.co/nyFQP9r74v
"""1238123642627686400""","""1238123593940242432""",https://video.twimg.com/ext_tw_video/1238123593940242432/pu/pl/YNRRZyFo44Z5vNXK.m3u8?tag=10,https://t.co/nyFQP9r74v
"""1237730689132507136""","""1237730523843309575""",https://video.twimg.com/ext_tw_video/1237730523843309575/pu/pl/vmgwRtKSry3BplW1.m3u8?tag=10,https://t.co/qiXqLOHePj
"""1235166419194609669""","""1235166408788643840""",https://video.twimg.com/tweet_video/ESQxTfpXkAA61RF.mp4,https://t.co/xC2qf9TP2A
"""1235087029752303616""","""1234925795795177476""",https://video.twimg.com/amplify_video/1234925795795177476/vid/320x320/okDzh0wiGgC7OWhK.mp4?tag=13,https://t.co/fq80VZWo1B
"""1235086811304620032""","""1234925795795177476""",https://video.twimg.com/amplify_video/1234925795795177476/vid/320x320/okDzh0wiGgC7OWhK.mp4?tag=13,https://t.co/fq80VZWo1B
"""1234561650637856768""","""1234176086315012097""",https://video.twimg.com/ext_tw_video/1234176086315012097/pu/vid/720x360/2-h98LO4FE6sePH6.mp4?tag=10,https://t.co/6KpSgv4NsA
"""1234550553255899136""","""1234176086315012097""",https://video.twimg.com/ext_tw_video/1234176086315012097/pu/vid/720x360/2-h98LO4FE6sePH6.mp4?tag=10,https://t.co/6KpSgv4NsA
"""1234547029281574912""","""1234176086315012097""",https://video.twimg.com/ext_tw_video/1234176086315012097/pu/vid/720x360/2-h98LO4FE6sePH6.mp4?tag=10,https://t.co/6KpSgv4NsA
"""1234531038828822529""","""1234176086315012097""",https://video.twimg.com/ext_tw_video/1234176086315012097/pu/vid/720x360/2-h98LO4FE6sePH6.mp4?tag=10,https://t.co/6KpSgv4NsA
"""1234530993144553472""","""1234176086315012097""",https://video.twimg.com/ext_tw_video/1234176086315012097/pu/vid/720x360/2-h98LO4FE6sePH6.mp4?tag=10,https://t.co/6KpSgv4NsA
"""1234530843923746817""","""1234176086315012097""",https://video.twimg.com/ext_tw_video/1234176086315012097/pu/vid/720x360/2-h98LO4FE6sePH6.mp4?tag=10,https://t.co/6KpSgv4NsA
"""1234487105075720192""","""1234176086315012097""",https://video.twimg.com/ext_tw_video/1234176086315012097/pu/vid/720x360/2-h98LO4FE6sePH6.mp4?tag=10,https://t.co/6KpSgv4NsA
"""1234477338785648644""","""1234176086315012097""",https://video.twimg.com/ext_tw_video/1234176086315012097/pu/vid/720x360/2-h98LO4FE6sePH6.mp4?tag=10,https://t.co/6KpSgv4NsA
"""1234468393002110978""","""1234176086315012097""",https://video.twimg.com/ext_tw_video/1234176086315012097/pu/vid/720x360/2-h98LO4FE6sePH6.mp4?tag=10,https://t.co/6KpSgv4NsA
"""1234462327690465281""","""1234176086315012097""",https://video.twimg.com/ext_tw_video/1234176086315012097/pu/vid/720x360/2-h98LO4FE6sePH6.mp4?tag=10,https://t.co/6KpSgv4NsA
"""1234435410308292608""","""1234176086315012097""",https://video.twimg.com/ext_tw_video/1234176086315012097/pu/vid/720x360/2-h98LO4FE6sePH6.mp4?tag=10,https://t.co/6KpSgv4NsA
"""1234428225335549952""","""1234176086315012097""",https://video.twimg.com/ext_tw_video/1234176086315012097/pu/vid/720x360/2-h98LO4FE6sePH6.mp4?tag=10,https://t.co/6KpSgv4NsA
"""1234420554339356672""","""1234176086315012097""",https://video.twimg.com/ext_tw_video/1234176086315012097/pu/vid/720x360/2-h98LO4FE6sePH6.mp4?tag=10,https://t.co/6KpSgv4NsA
"""1234419484955463681""","""1234176086315012097""",https://video.twimg.com/ext_tw_video/1234176086315012097/pu/vid/720x360/2-h98LO4FE6sePH6.mp4?tag=10,https://t.co/6KpSgv4NsA
"""1234416348236861442""","""1234176086315012097""",https://video.twimg.com/ext_tw_video/1234176086315012097/pu/vid/720x360/2-h98LO4FE6sePH6.mp4?tag=10,https://t.co/6KpSgv4NsA
"""1234415752448528385""","""1234176086315012097""",https://video.twimg.com/ext_tw_video/1234176086315012097/pu/vid/720x360/2-h98LO4FE6sePH6.mp4?tag=10,https://t.co/6KpSgv4NsA
"""1234415016444616705""","""1234176086315012097""",https://video.twimg.com/ext_tw_video/1234176086315012097/pu/vid/720x360/2-h98LO4FE6sePH6.mp4?tag=10,https://t.co/6KpSgv4NsA
"""1234379199282106368""","""1234176086315012097""",https://video.twimg.com/ext_tw_video/1234176086315012097/pu/vid/720x360/2-h98LO4FE6sePH6.mp4?tag=10,https://t.co/6KpSgv4NsA
